index,totalseconds,Gender,Age,Grade,Subject,PEdS1,PEdS2,PEdS3,PEdS4,PEmS1,PEmS2,PEmS3,PEmS4,PU1,PU2,PU3,CON1,CON2,CON3,SAT1,SAT2,SAT3,CI1,CI2,CI3,PEdS_score,PEmS_score,PU_score,CON_score,SAT_score,CI_score
1,65,2,3,4,1,4,5,5,5,5,4,4,4,5,4,2,4,5,4,5,5,4,5,5,5,4.75,4.25,3.6666666666666665,4.333333333333333,4.666666666666667,5.0
2,103,2,3,4,1,4,4,4,4,4,4,4,4,4,3,4,4,4,5,5,4,4,3,3,3,4.0,4.0,3.6666666666666665,4.333333333333333,4.333333333333333,3.0
3,110,1,3,4,1,4,4,4,3,4,4,4,4,2,2,2,3,4,3,2,2,4,2,2,4,3.75,4.0,2.0,3.3333333333333335,2.6666666666666665,2.6666666666666665
4,98,2,3,4,1,2,4,4,4,5,5,4,4,5,2,5,4,5,5,5,5,5,5,5,4,3.5,4.5,4.0,4.666666666666667,5.0,4.666666666666667
5,116,2,3,4,1,3,4,3,2,3,4,3,3,4,3,3,2,2,2,2,3,4,4,3,3,3.0,3.25,3.3333333333333335,2.0,3.0,3.3333333333333335
6,107,1,4,4,1,4,4,4,4,4,4,4,4,4,4,4,4,4,4,4,4,4,4,4,4,4.0,4.0,4.0,4.0,4.0,4.0
7,87,2,3,4,1,4,2,3,4,4,3,4,3,4,4,3,3,3,4,4,4,4,4,4,3,3.25,3.5,3.6666666666666665,3.3333333333333335,4.0,3.6666666666666665
8,45,2,2,1,1,4,4,3,4,4,4,4,4,3,4,4,4,4,4,4,4,4,4,1,1,3.75,4.0,3.6666666666666665,4.0,4.0,2.0
9,78,1,2,1,1,4,4,4,4,4,4,4,4,4,4,4,4,4,4,4,4,4,4,4,4,4.0,4.0,4.0,4.0,4.0,4.0
10,109,2,2,1,1,4,3,3,3,3,3,3,3,2,2,2,3,3,3,3,2,3,4,4,4,3.25,3.0,2.0,3.0,2.6666666666666665,4.0
11,122,2,2,1,1,4,4,5,4,4,4,4,5,4,3,4,2,2,2,2,4,4,4,4,4,4.25,4.25,3.6666666666666665,2.0,3.3333333333333335,4.0
12,150,2,2,1,1,4,4,4,4,3,3,5,3,4,3,4,3,3,3,4,3,3,4,4,3,4.0,3.5,3.6666666666666665,3.0,3.3333333333333335,3.6666666666666665
13,62,2,1,1,1,4,3,4,5,4,4,5,4,4,4,4,4,4,3,4,4,4,4,4,4,4.0,4.25,4.0,3.6666666666666665,4.0,4.0
14,209,2,2,1,1,4,4,4,4,4,4,4,4,4,4,3,3,3,3,3,3,3,4,3,2,4.0,4.0,3.6666666666666665,3.0,3.0,3.0
15,90,2,2,1,1,5,5,4,5,5,5,5,5,5,4,3,2,4,5,4,4,4,4,4,4,4.75,5.0,4.0,3.6666666666666665,4.0,4.0
16,70,2,2,1,1,3,3,3,3,3,3,3,3,3,3,3,3,3,3,3,3,3,3,3,3,3.0,3.0,3.0,3.0,3.0,3.0
17,293,2,2,1,1,4,4,4,4,4,5,4,4,4,4,3,4,4,4,2,4,4,4,4,4,4.0,4.25,3.6666666666666665,4.0,3.3333333333333335,4.0
18,147,2,2,1,1,5,5,5,4,5,5,5,5,5,5,4,4,4,4,4,4,4,4,4,4,4.75,5.0,4.666666666666667,4.0,4.0,4.0
19,61,2,2,1,1,4,4,5,5,5,5,5,5,5,4,5,4,5,5,5,5,4,5,4,5,4.5,5.0,4.666666666666667,4.666666666666667,4.666666666666667,4.666666666666667
20,71,2,2,1,1,5,5,5,5,5,5,5,5,5,5,5,5,5,5,5,5,5,5,5,5,5.0,5.0,5.0,5.0,5.0,5.0
21,54,2,1,1,1,3,3,3,3,3,3,2,3,3,3,3,3,3,3,3,3,3,3,3,3,3.0,2.75,3.0,3.0,3.0,3.0
22,55,2,2,1,1,5,5,5,5,5,5,4,4,4,4,4,5,4,4,4,4,4,4,4,5,5.0,4.5,4.0,4.333333333333333,4.0,4.333333333333333
23,84,2,2,1,1,5,5,5,5,5,5,5,5,5,5,5,5,5,5,5,5,5,5,5,5,5.0,5.0,5.0,5.0,5.0,5.0
24,113,2,2,1,1,5,5,5,4,4,5,5,5,4,3,4,3,4,4,4,3,3,4,3,3,4.75,4.75,3.6666666666666665,3.6666666666666665,3.3333333333333335,3.3333333333333335
25,100,2,2,1,1,4,4,4,4,4,3,4,4,3,3,3,3,2,2,2,3,3,3,3,3,4.0,3.75,3.0,2.3333333333333335,2.6666666666666665,3.0
26,68,2,1,1,1,5,1,1,3,3,3,3,3,3,3,3,3,3,3,3,3,3,3,3,3,2.5,3.0,3.0,3.0,3.0,3.0
27,117,2,1,1,1,4,5,5,5,3,4,4,4,4,4,3,3,4,3,3,3,4,4,4,4,4.75,3.75,3.6666666666666665,3.3333333333333335,3.3333333333333335,4.0
28,111,2,2,1,1,4,4,4,4,4,4,4,5,4,3,3,4,4,4,4,4,4,4,3,4,4.0,4.25,3.3333333333333335,4.0,4.0,3.6666666666666665
29,330,2,1,1,1,4,5,5,4,4,5,4,5,4,5,4,3,4,4,4,4,4,4,4,4,4.5,4.5,4.333333333333333,3.6666666666666665,4.0,4.0
30,113,2,1,1,1,4,5,5,5,5,5,5,5,4,4,4,4,4,4,4,4,4,3,4,4,4.75,5.0,4.0,4.0,4.0,3.6666666666666665
31,117,2,1,1,1,4,4,4,4,4,4,3,4,4,4,4,3,3,3,4,3,3,3,3,3,4.0,3.75,4.0,3.0,3.3333333333333335,3.0
32,97,2,2,1,1,4,4,4,4,4,4,4,4,4,4,4,4,4,4,4,4,4,4,4,4,4.0,4.0,4.0,4.0,4.0,4.0
33,33,2,1,1,1,4,4,4,4,4,4,4,4,4,4,4,4,4,4,4,4,4,4,4,4,4.0,4.0,4.0,4.0,4.0,4.0
34,40,2,1,1,1,3,3,3,3,3,3,3,3,3,3,3,3,3,3,3,3,3,3,3,3,3.0,3.0,3.0,3.0,3.0,3.0
35,413,2,2,1,1,4,3,4,5,3,3,4,4,3,4,4,4,4,3,4,4,3,4,3,3,4.0,3.5,3.6666666666666665,3.6666666666666665,3.6666666666666665,3.3333333333333335
36,116,1,2,1,1,4,4,3,3,3,3,3,3,3,3,3,3,3,3,3,3,3,3,3,3,3.5,3.0,3.0,3.0,3.0,3.0
37,351,2,2,1,1,5,5,5,3,4,5,5,5,4,4,3,4,4,4,4,4,4,4,4,3,4.5,4.75,3.6666666666666665,4.0,4.0,3.6666666666666665
38,63,2,2,1,1,3,3,4,4,4,4,4,4,4,4,4,4,4,4,4,4,4,3,3,3,3.5,4.0,4.0,4.0,4.0,3.0
39,36,2,1,1,1,3,3,3,3,3,3,3,3,2,2,3,2,3,2,2,3,3,3,3,2,3.0,3.0,2.3333333333333335,2.3333333333333335,2.6666666666666665,2.6666666666666665
40,135,2,2,1,1,4,4,4,4,4,4,4,4,4,4,4,2,4,2,4,4,4,4,2,2,4.0,4.0,4.0,2.6666666666666665,4.0,2.6666666666666665
41,191,2,1,1,1,4,4,5,4,4,4,4,4,3,4,4,3,3,3,3,3,3,4,3,3,4.25,4.0,3.6666666666666665,3.0,3.0,3.3333333333333335
42,46,2,1,1,1,5,5,5,5,5,5,5,5,5,5,5,5,5,5,5,5,5,5,5,5,5.0,5.0,5.0,5.0,5.0,5.0
43,51,1,2,1,1,3,3,3,3,3,3,3,3,3,3,3,3,3,3,3,3,3,3,3,3,3.0,3.0,3.0,3.0,3.0,3.0
44,118,2,2,1,1,4,4,4,4,4,4,4,4,5,5,4,4,4,4,5,4,5,4,5,5,4.0,4.0,4.666666666666667,4.0,4.666666666666667,4.666666666666667
45,74,2,2,1,1,5,5,5,4,4,5,5,5,5,4,4,3,4,4,4,5,3,5,5,5,4.75,4.75,4.333333333333333,3.6666666666666665,4.0,5.0
46,56,1,4,4,1,2,1,1,1,1,1,1,1,1,1,1,1,1,1,1,1,1,1,1,1,1.25,1.0,1.0,1.0,1.0,1.0
47,228,1,1,1,1,5,5,3,4,3,3,5,3,4,4,4,4,3,3,3,3,3,3,3,3,4.25,3.5,4.0,3.3333333333333335,3.0,3.0
48,105,2,2,1,1,5,5,5,5,5,5,5,5,4,4,5,5,5,4,5,5,5,5,5,5,5.0,5.0,4.333333333333333,4.666666666666667,5.0,5.0
49,148,1,2,1,1,3,4,4,4,3,3,3,4,4,4,4,4,4,4,4,4,4,4,4,4,3.75,3.25,4.0,4.0,4.0,4.0
50,76,2,2,1,1,5,5,5,5,5,5,5,5,5,5,5,5,5,5,5,5,5,5,5,5,5.0,5.0,5.0,5.0,5.0,5.0
51,65,2,2,1,1,4,4,5,5,5,5,5,5,5,5,4,4,4,4,4,4,4,4,4,4,4.5,5.0,4.666666666666667,4.0,4.0,4.0
52,83,2,1,1,1,2,2,3,4,2,2,2,4,5,4,3,2,2,4,4,4,3,3,3,3,2.75,2.5,4.0,2.6666666666666665,3.6666666666666665,3.0
53,72,2,3,4,1,4,4,4,4,4,4,4,4,3,3,1,2,1,2,2,2,2,3,3,3,4.0,4.0,2.3333333333333335,1.6666666666666667,2.0,3.0
54,82,2,2,1,1,4,4,4,4,3,4,4,4,4,4,4,4,4,4,4,4,4,4,4,3,4.0,3.75,4.0,4.0,4.0,3.6666666666666665
55,124,2,2,1,1,5,5,5,5,5,5,5,5,5,5,5,5,5,5,5,5,5,5,5,5,5.0,5.0,5.0,5.0,5.0,5.0
56,157,2,2,1,1,4,4,5,4,4,5,5,5,4,4,4,3,5,5,4,5,5,3,5,5,4.25,4.75,4.0,4.333333333333333,4.666666666666667,4.333333333333333
57,56,2,2,1,1,5,5,5,5,5,5,5,5,5,5,5,5,5,5,5,4,5,5,5,5,5.0,5.0,5.0,5.0,4.666666666666667,5.0
58,76,2,2,1,1,5,4,5,5,5,5,5,5,5,5,5,5,5,5,5,5,5,5,5,5,4.75,5.0,5.0,5.0,5.0,5.0
59,66,2,2,1,1,5,5,5,5,5,5,5,5,5,5,5,5,5,5,5,5,5,5,5,5,5.0,5.0,5.0,5.0,5.0,5.0
60,81,2,2,1,1,4,4,3,4,4,3,3,3,3,3,3,4,4,3,4,3,3,3,3,4,3.75,3.25,3.0,3.6666666666666665,3.3333333333333335,3.3333333333333335
61,66,2,2,1,1,5,5,5,5,5,5,5,5,5,5,5,5,5,5,5,5,5,5,5,5,5.0,5.0,5.0,5.0,5.0,5.0
62,58,2,2,1,1,4,4,4,4,4,4,4,4,4,4,4,4,4,4,4,4,4,4,4,4,4.0,4.0,4.0,4.0,4.0,4.0
63,89,2,1,1,1,4,4,4,4,4,4,4,4,4,4,3,3,3,3,3,3,3,3,3,3,4.0,4.0,3.6666666666666665,3.0,3.0,3.0
64,52,2,2,1,1,4,4,4,4,4,4,4,4,4,4,4,4,4,4,4,4,4,3,3,3,4.0,4.0,4.0,4.0,4.0,3.0
65,120,2,2,1,1,4,4,4,3,4,4,4,4,4,3,4,4,4,4,4,4,4,4,4,4,3.75,4.0,3.6666666666666665,4.0,4.0,4.0
66,125,2,2,1,1,4,4,4,4,4,4,4,4,4,4,4,4,4,4,4,4,4,4,4,4,4.0,4.0,4.0,4.0,4.0,4.0
67,92,2,2,1,1,3,5,5,5,5,5,5,5,5,5,5,5,4,5,5,4,4,5,5,4,4.5,5.0,5.0,4.666666666666667,4.333333333333333,4.666666666666667
68,103,2,2,1,1,5,5,5,5,4,4,5,4,4,3,4,3,5,4,3,3,4,4,4,4,5.0,4.25,3.6666666666666665,4.0,3.3333333333333335,4.0
69,119,2,2,1,1,3,4,4,4,4,4,4,4,4,5,4,4,4,4,4,5,4,5,4,5,3.75,4.0,4.333333333333333,4.0,4.333333333333333,4.666666666666667
70,112,2,2,1,1,3,4,4,3,2,3,3,3,5,5,5,4,4,4,4,4,4,4,4,5,3.5,2.75,5.0,4.0,4.0,4.333333333333333
71,79,2,1,1,1,5,5,5,5,5,5,5,5,5,5,5,5,5,5,5,5,5,5,5,5,5.0,5.0,5.0,5.0,5.0,5.0
72,116,2,2,1,1,4,4,4,4,4,4,4,4,4,4,4,4,4,4,4,4,4,4,4,4,4.0,4.0,4.0,4.0,4.0,4.0
73,178,2,2,1,1,3,4,4,4,3,3,4,4,3,3,4,3,4,3,4,3,3,4,4,3,3.75,3.5,3.3333333333333335,3.3333333333333335,3.3333333333333335,3.6666666666666665
74,210,2,2,1,1,5,4,5,5,5,5,5,5,4,5,4,4,4,4,4,4,4,4,5,4,4.75,5.0,4.333333333333333,4.0,4.0,4.333333333333333
75,88,2,2,1,1,4,4,4,4,4,4,4,4,4,4,3,4,4,4,4,5,4,4,4,4,4.0,4.0,3.6666666666666665,4.0,4.333333333333333,4.0
76,130,2,2,1,1,3,4,5,4,3,3,4,4,3,4,3,3,3,3,3,3,2,2,3,3,4.0,3.5,3.3333333333333335,3.0,2.6666666666666665,2.6666666666666665
77,141,2,2,1,1,4,4,4,5,4,3,5,4,4,4,4,4,4,4,4,4,4,4,4,4,4.25,4.0,4.0,4.0,4.0,4.0
78,75,2,2,1,1,2,5,5,5,5,5,5,5,5,5,5,5,5,5,5,5,5,5,5,5,4.25,5.0,5.0,5.0,5.0,5.0
79,128,2,2,1,1,3,5,4,4,3,4,5,4,4,3,3,4,4,4,4,4,4,4,4,4,4.0,4.0,3.3333333333333335,4.0,4.0,4.0
80,133,2,2,1,1,4,4,4,4,4,4,4,4,5,5,5,5,5,5,5,5,5,5,5,5,4.0,4.0,5.0,5.0,5.0,5.0
81,46,2,2,1,1,4,4,4,4,4,4,4,4,4,4,4,4,4,4,4,4,4,4,4,4,4.0,4.0,4.0,4.0,4.0,4.0
82,57,2,2,1,1,4,4,4,4,4,4,4,4,4,4,4,4,4,4,4,4,4,4,4,4,4.0,4.0,4.0,4.0,4.0,4.0
83,76,2,3,4,1,4,4,4,4,4,4,4,4,4,3,3,4,4,3,3,2,2,4,2,2,4.0,4.0,3.3333333333333335,3.6666666666666665,2.3333333333333335,2.6666666666666665
84,92,2,2,1,1,4,4,4,4,3,4,4,4,3,3,3,3,4,3,3,4,3,4,4,4,4.0,3.75,3.0,3.3333333333333335,3.3333333333333335,4.0
85,53,2,2,1,1,4,4,4,4,4,4,4,4,4,4,4,4,4,4,4,4,4,4,4,4,4.0,4.0,4.0,4.0,4.0,4.0
86,85,2,1,1,1,4,4,5,4,3,4,3,4,4,4,3,4,3,4,4,4,4,4,4,4,4.25,3.5,3.6666666666666665,3.6666666666666665,4.0,4.0
87,68,2,2,1,1,4,4,5,5,5,5,5,5,5,5,5,5,5,5,5,5,5,5,5,5,4.5,5.0,5.0,5.0,5.0,5.0
88,95,1,2,1,1,5,5,5,5,5,5,5,5,5,5,5,5,5,5,5,5,5,5,5,5,5.0,5.0,5.0,5.0,5.0,5.0
89,59,1,2,1,1,4,4,4,4,4,4,4,4,4,4,4,4,4,4,4,4,4,4,4,4,4.0,4.0,4.0,4.0,4.0,4.0
90,132,2,2,1,1,4,4,4,3,3,4,4,4,4,4,4,3,3,3,4,4,4,3,3,3,3.75,3.75,4.0,3.0,4.0,3.0
91,53,2,2,1,1,4,4,4,4,4,4,4,4,4,4,4,4,4,4,4,4,4,4,4,4,4.0,4.0,4.0,4.0,4.0,4.0
92,71,1,2,1,1,2,4,4,4,4,4,4,4,4,4,4,4,4,4,4,4,4,4,4,4,3.5,4.0,4.0,4.0,4.0,4.0
93,60,2,2,1,1,4,4,4,4,4,4,4,4,4,4,3,4,4,4,4,4,4,4,4,4,4.0,4.0,3.6666666666666665,4.0,4.0,4.0
94,77,1,1,1,1,4,4,4,4,4,4,4,4,4,4,4,4,4,4,4,4,4,4,4,3,4.0,4.0,4.0,4.0,4.0,3.6666666666666665
95,95,2,2,1,1,4,4,4,4,4,4,4,4,4,4,4,4,4,4,4,4,4,4,4,4,4.0,4.0,4.0,4.0,4.0,4.0
96,96,2,1,1,1,4,4,4,5,3,4,3,3,3,3,4,4,3,4,3,4,4,4,3,3,4.25,3.25,3.3333333333333335,3.6666666666666665,3.6666666666666665,3.3333333333333335
97,71,2,2,1,1,4,4,4,4,4,4,4,4,4,5,4,3,5,5,4,4,4,4,4,4,4.0,4.0,4.333333333333333,4.333333333333333,4.0,4.0
98,95,2,2,1,1,5,5,5,5,5,5,5,5,5,5,4,4,4,4,4,4,4,4,4,4,5.0,5.0,4.666666666666667,4.0,4.0,4.0
99,113,2,2,1,1,4,4,4,4,4,4,4,4,4,4,4,4,4,4,4,4,4,4,4,4,4.0,4.0,4.0,4.0,4.0,4.0
100,113,2,2,1,1,4,4,4,5,4,4,4,4,4,5,4,4,3,4,4,4,4,4,4,4,4.25,4.0,4.333333333333333,3.6666666666666665,4.0,4.0
101,217,2,1,1,1,5,5,5,5,5,5,5,5,5,5,5,5,5,5,5,5,5,5,4,4,5.0,5.0,5.0,5.0,5.0,4.333333333333333
102,64,2,2,1,1,5,5,5,5,5,5,5,5,5,5,5,4,4,4,4,4,4,4,4,4,5.0,5.0,5.0,4.0,4.0,4.0
103,117,2,1,1,1,3,3,3,3,4,3,3,3,4,4,4,4,5,5,4,5,5,5,5,5,3.0,3.25,4.0,4.666666666666667,4.666666666666667,5.0
104,136,2,2,1,1,4,5,5,4,4,4,4,4,4,4,4,3,4,4,4,4,4,4,4,4,4.5,4.0,4.0,3.6666666666666665,4.0,4.0
105,38,2,2,1,1,5,5,5,5,5,5,5,5,5,5,5,5,5,5,5,5,5,5,5,5,5.0,5.0,5.0,5.0,5.0,5.0
106,111,2,2,1,1,3,3,3,3,3,3,3,3,3,3,3,3,3,3,3,3,3,3,3,3,3.0,3.0,3.0,3.0,3.0,3.0
107,44,2,2,1,1,3,3,3,3,3,3,3,3,3,3,3,3,3,3,3,3,3,3,3,3,3.0,3.0,3.0,3.0,3.0,3.0
108,65,2,1,1,1,5,5,5,5,5,5,5,5,5,5,4,3,3,3,4,4,4,4,4,4,5.0,5.0,4.666666666666667,3.0,4.0,4.0
109,167,2,2,1,1,3,4,4,4,4,4,4,4,4,3,3,3,3,4,2,3,3,3,4,3,3.75,4.0,3.3333333333333335,3.3333333333333335,2.6666666666666665,3.3333333333333335
110,134,2,2,1,1,4,5,5,4,3,5,4,5,3,3,4,4,4,4,4,3,3,3,3,3,4.5,4.25,3.3333333333333335,4.0,3.3333333333333335,3.0
111,170,2,2,1,1,4,4,4,4,4,4,4,4,4,3,3,4,4,4,4,3,3,3,3,3,4.0,4.0,3.3333333333333335,4.0,3.3333333333333335,3.0
112,168,2,2,1,1,5,5,5,5,5,5,5,5,5,5,5,3,3,5,5,5,5,5,5,5,5.0,5.0,5.0,3.6666666666666665,5.0,5.0
113,171,2,2,1,1,4,5,5,4,5,5,5,5,4,4,4,4,4,4,4,4,5,4,4,4,4.5,5.0,4.0,4.0,4.333333333333333,4.0
114,185,2,2,1,1,4,4,4,4,4,4,4,4,4,4,4,4,4,3,3,3,4,3,3,3,4.0,4.0,4.0,3.6666666666666665,3.3333333333333335,3.0
115,111,2,2,1,1,5,5,5,5,5,5,5,5,5,5,5,5,5,5,5,5,5,5,5,5,5.0,5.0,5.0,5.0,5.0,5.0
116,77,1,2,1,1,3,5,5,4,4,4,5,5,5,5,5,5,5,5,5,5,4,5,5,5,4.25,4.5,5.0,5.0,4.666666666666667,5.0
117,59,2,2,1,1,4,4,4,4,4,4,4,4,4,4,4,4,4,4,4,4,4,4,4,4,4.0,4.0,4.0,4.0,4.0,4.0
118,80,1,2,1,1,5,5,5,5,5,5,5,5,5,5,5,5,5,5,5,5,5,5,5,5,5.0,5.0,5.0,5.0,5.0,5.0
119,134,2,2,1,1,4,4,4,4,4,4,4,4,4,4,4,4,4,4,4,4,4,4,4,4,4.0,4.0,4.0,4.0,4.0,4.0
120,93,2,2,1,1,4,4,4,4,4,4,4,4,4,3,3,3,3,4,4,3,3,4,3,3,4.0,4.0,3.3333333333333335,3.3333333333333335,3.3333333333333335,3.3333333333333335
121,96,2,2,1,1,4,4,3,4,4,4,4,4,4,4,4,4,4,4,4,4,4,4,4,4,3.75,4.0,4.0,4.0,4.0,4.0
122,90,2,2,1,1,4,5,5,5,5,5,5,5,5,5,5,5,5,5,5,5,5,5,5,5,4.75,5.0,5.0,5.0,5.0,5.0
123,96,2,2,1,1,5,5,5,5,5,5,5,5,5,5,5,5,5,5,5,5,5,5,5,5,5.0,5.0,5.0,5.0,5.0,5.0
124,92,2,2,1,1,5,5,5,5,5,5,5,5,5,5,5,3,4,3,4,3,4,3,3,4,5.0,5.0,5.0,3.3333333333333335,3.6666666666666665,3.3333333333333335
125,145,2,1,1,1,4,4,5,4,3,5,4,4,4,4,4,3,4,4,4,4,4,4,4,4,4.25,4.0,4.0,3.6666666666666665,4.0,4.0
126,98,2,2,1,1,5,5,5,5,5,5,5,5,5,5,5,5,5,5,5,5,5,5,5,5,5.0,5.0,5.0,5.0,5.0,5.0
127,117,2,2,1,1,4,4,4,5,4,3,3,4,4,4,3,3,3,3,3,3,3,3,3,3,4.25,3.5,3.6666666666666665,3.0,3.0,3.0
128,86,1,2,1,1,4,4,4,4,4,4,4,4,4,4,5,5,5,4,4,5,4,5,5,5,4.0,4.0,4.333333333333333,4.666666666666667,4.333333333333333,5.0
129,65,2,2,1,1,5,5,5,5,5,5,5,5,5,5,5,5,5,5,5,5,5,5,5,5,5.0,5.0,5.0,5.0,5.0,5.0
130,38,1,2,1,1,5,5,5,5,5,5,5,5,5,5,5,5,5,5,5,5,5,5,5,5,5.0,5.0,5.0,5.0,5.0,5.0
131,27,1,2,1,1,4,4,4,4,4,4,4,4,4,4,4,4,4,4,4,4,4,4,4,4,4.0,4.0,4.0,4.0,4.0,4.0
132,113,2,2,1,1,4,5,5,4,4,5,5,5,5,5,4,5,3,3,4,4,3,4,3,4,4.5,4.75,4.666666666666667,3.6666666666666665,3.6666666666666665,3.6666666666666665
133,161,2,2,1,1,4,4,4,4,4,5,4,4,4,4,4,3,4,4,4,4,4,4,4,4,4.0,4.25,4.0,3.6666666666666665,4.0,4.0
134,32,2,1,1,1,3,3,3,3,3,3,3,3,5,5,5,5,5,5,5,5,5,5,5,5,3.0,3.0,5.0,5.0,5.0,5.0
135,127,2,2,1,1,4,4,4,4,4,4,4,4,4,4,4,4,4,4,4,4,4,3,3,3,4.0,4.0,4.0,4.0,4.0,3.0
136,52,1,2,1,1,4,5,4,4,4,5,4,5,4,5,4,5,5,5,4,4,5,5,4,4,4.25,4.5,4.333333333333333,5.0,4.333333333333333,4.333333333333333
137,79,2,2,1,1,5,5,5,5,5,5,5,5,5,5,5,5,5,5,5,5,5,5,5,5,5.0,5.0,5.0,5.0,5.0,5.0
138,115,2,2,1,1,5,5,5,5,5,5,5,5,5,5,5,5,5,3,5,5,4,5,5,5,5.0,5.0,5.0,4.333333333333333,4.666666666666667,5.0
139,143,2,2,1,1,4,5,4,4,4,4,4,4,3,3,3,3,4,4,3,4,4,4,4,4,4.25,4.0,3.0,3.6666666666666665,3.6666666666666665,4.0
140,128,2,2,1,1,4,4,4,4,4,4,4,4,4,4,4,4,4,4,4,4,4,4,4,4,4.0,4.0,4.0,4.0,4.0,4.0
141,106,2,2,1,1,1,2,4,5,3,5,4,4,2,3,3,3,3,3,3,3,3,3,3,3,3.0,4.0,2.6666666666666665,3.0,3.0,3.0
142,105,2,2,1,1,4,4,4,4,3,4,3,4,3,4,4,3,4,3,4,4,4,4,4,4,4.0,3.5,3.6666666666666665,3.3333333333333335,4.0,4.0
143,165,2,2,1,1,4,5,5,4,5,5,5,5,5,4,3,4,4,5,5,5,5,5,5,4,4.5,5.0,4.0,4.333333333333333,5.0,4.666666666666667
144,167,2,2,1,1,4,5,5,5,4,5,4,5,3,3,3,2,2,3,4,4,4,4,5,3,4.75,4.5,3.0,2.3333333333333335,4.0,4.0
145,127,2,2,1,1,3,3,5,4,3,4,4,4,4,4,4,4,4,4,4,4,4,4,4,4,3.75,3.75,4.0,4.0,4.0,4.0
146,64,1,2,1,1,3,1,1,4,5,1,3,1,5,5,5,5,5,5,5,5,5,5,5,5,2.25,2.5,5.0,5.0,5.0,5.0
147,81,2,3,1,1,5,5,5,5,3,4,4,5,4,4,4,4,4,4,4,4,4,5,4,4,5.0,4.0,4.0,4.0,4.0,4.333333333333333
148,183,2,2,1,1,3,3,4,4,2,3,4,4,1,3,2,2,3,3,3,3,2,2,3,3,3.5,3.25,2.0,2.6666666666666665,2.6666666666666665,2.6666666666666665
149,243,2,1,1,1,4,4,5,4,4,3,4,3,4,4,4,3,3,2,2,3,2,3,3,3,4.25,3.5,4.0,2.6666666666666665,2.3333333333333335,3.0
150,268,1,2,1,1,4,3,3,4,3,3,4,4,4,4,4,4,4,4,3,4,4,4,4,4,3.5,3.5,4.0,4.0,3.6666666666666665,4.0
151,134,2,2,1,1,4,3,4,4,4,4,4,4,4,4,4,4,4,4,4,4,4,4,4,4,3.75,4.0,4.0,4.0,4.0,4.0
152,198,2,2,1,1,4,4,4,4,3,3,5,5,3,3,2,2,4,2,2,3,3,2,2,2,4.0,4.0,2.6666666666666665,2.6666666666666665,2.6666666666666665,2.0
153,245,2,2,1,1,5,5,5,5,5,5,5,5,3,2,2,2,2,4,3,4,4,4,4,2,5.0,5.0,2.3333333333333335,2.6666666666666665,3.6666666666666665,3.3333333333333335
154,244,2,2,1,1,4,4,4,4,4,4,4,4,4,4,4,4,4,4,4,4,4,4,4,4,4.0,4.0,4.0,4.0,4.0,4.0
155,148,2,2,1,1,4,3,4,5,2,3,4,3,3,2,4,2,4,3,4,4,4,4,4,3,4.0,3.0,3.0,3.0,4.0,3.6666666666666665
156,324,1,2,1,1,4,4,4,4,4,4,4,4,4,4,4,3,3,4,4,4,4,4,2,4,4.0,4.0,4.0,3.3333333333333335,4.0,3.3333333333333335
157,378,2,2,1,1,4,4,5,5,4,5,3,4,4,4,4,2,2,2,3,4,4,4,4,4,4.5,4.0,4.0,2.0,3.6666666666666665,4.0
158,124,2,1,1,1,4,4,4,4,4,4,5,5,5,4,4,5,5,4,5,4,5,4,4,4,4.0,4.5,4.333333333333333,4.666666666666667,4.666666666666667,4.0
159,55,2,2,1,1,4,4,4,5,5,4,5,5,5,5,5,4,4,5,4,5,4,5,4,5,4.25,4.75,5.0,4.333333333333333,4.333333333333333,4.666666666666667
160,108,2,2,1,1,5,5,5,5,5,5,5,5,5,5,5,5,5,5,5,5,5,5,5,5,5.0,5.0,5.0,5.0,5.0,5.0
161,46,2,2,1,1,4,4,4,4,4,4,4,4,4,4,4,4,4,4,4,4,4,4,4,4,4.0,4.0,4.0,4.0,4.0,4.0
162,70,2,2,1,1,3,2,3,4,4,4,4,4,4,4,4,4,4,4,3,4,4,3,3,4,3.0,4.0,4.0,4.0,3.6666666666666665,3.3333333333333335
163,85,2,2,1,1,4,5,5,5,5,5,5,5,4,4,5,5,5,5,3,5,5,5,5,5,4.75,5.0,4.333333333333333,5.0,4.333333333333333,5.0
164,124,2,1,1,2,4,4,4,4,4,4,4,4,4,4,4,4,4,4,4,4,4,4,4,4,4.0,4.0,4.0,4.0,4.0,4.0
165,78,2,1,1,1,4,5,5,5,5,5,5,5,5,5,5,5,5,5,5,5,5,5,5,5,4.75,5.0,5.0,5.0,5.0,5.0
166,86,2,1,1,1,4,4,4,4,4,5,5,5,4,4,4,3,3,4,4,4,4,4,5,4,4.0,4.75,4.0,3.3333333333333335,4.0,4.333333333333333
167,114,2,1,1,1,4,4,4,4,3,4,4,4,3,4,4,4,4,4,4,3,4,3,4,4,4.0,3.75,3.6666666666666665,4.0,3.6666666666666665,3.6666666666666665
168,71,1,2,1,1,4,4,5,5,5,5,5,5,5,5,5,5,5,5,5,5,4,4,5,4,4.5,5.0,5.0,5.0,4.666666666666667,4.333333333333333
169,91,2,2,1,1,5,5,5,5,5,5,5,5,5,5,5,5,5,5,5,5,5,5,5,5,5.0,5.0,5.0,5.0,5.0,5.0
170,92,2,1,1,2,4,4,4,5,5,3,4,4,3,3,3,3,4,3,3,3,3,3,3,3,4.25,4.0,3.0,3.3333333333333335,3.0,3.0
171,81,2,1,1,1,5,5,5,5,5,5,5,5,5,5,5,5,5,5,5,5,5,5,5,5,5.0,5.0,5.0,5.0,5.0,5.0
172,77,2,1,1,1,4,4,5,5,3,3,3,5,5,5,3,3,2,2,3,3,3,3,3,3,4.5,3.5,4.333333333333333,2.3333333333333335,3.0,3.0
173,104,2,2,1,2,4,3,4,3,2,3,4,4,4,4,4,3,4,3,2,4,3,4,4,4,3.5,3.25,4.0,3.3333333333333335,3.0,4.0
174,247,1,2,1,1,4,4,4,3,3,4,4,4,4,4,4,4,4,3,3,3,3,4,4,4,3.75,3.75,4.0,3.6666666666666665,3.0,4.0
175,106,1,2,1,2,4,5,3,4,4,4,4,4,4,4,4,4,4,4,4,4,4,4,4,4,4.0,4.0,4.0,4.0,4.0,4.0
176,118,2,2,1,2,5,5,5,5,5,5,5,5,5,5,5,5,5,5,5,5,5,5,5,5,5.0,5.0,5.0,5.0,5.0,5.0
177,132,2,2,1,2,5,5,5,5,5,5,5,5,5,5,5,5,5,5,5,5,5,5,5,5,5.0,5.0,5.0,5.0,5.0,5.0
178,151,2,2,1,2,4,4,4,4,4,4,4,4,4,4,4,4,4,4,4,4,4,4,4,4,4.0,4.0,4.0,4.0,4.0,4.0
179,147,2,2,1,2,4,3,5,4,5,4,5,4,3,4,5,4,4,4,4,4,4,4,4,4,4.0,4.5,4.0,4.0,4.0,4.0
180,296,1,2,1,1,4,3,3,1,1,1,1,5,4,4,4,4,4,5,5,5,5,5,5,4,2.75,2.0,4.0,4.333333333333333,5.0,4.666666666666667
181,131,2,2,1,1,5,5,5,5,5,5,5,5,4,4,4,5,5,5,5,5,5,5,5,5,5.0,5.0,4.0,5.0,5.0,5.0
182,117,2,2,1,2,4,4,4,4,4,4,4,4,4,4,4,4,4,4,4,4,4,4,4,4,4.0,4.0,4.0,4.0,4.0,4.0
183,132,2,2,1,2,4,4,4,4,4,4,4,4,4,4,3,3,4,4,4,3,4,3,4,4,4.0,4.0,3.6666666666666665,3.6666666666666665,3.6666666666666665,3.6666666666666665
184,119,2,2,1,1,4,4,4,5,4,4,4,4,4,4,4,2,4,3,4,3,3,2,3,4,4.25,4.0,4.0,3.0,3.3333333333333335,3.0
185,43,1,2,1,1,5,5,5,5,5,5,5,5,5,5,5,5,5,5,5,5,5,5,5,5,5.0,5.0,5.0,5.0,5.0,5.0
186,66,2,2,1,2,2,3,4,4,4,4,5,5,4,4,4,4,4,4,4,4,4,4,4,4,3.25,4.5,4.0,4.0,4.0,4.0
187,70,1,1,1,2,5,5,5,3,5,5,2,4,4,5,5,5,5,5,5,5,5,5,5,5,4.5,4.0,4.666666666666667,5.0,5.0,5.0
188,229,2,2,1,1,4,4,4,4,4,4,4,4,4,3,4,3,3,3,4,4,4,5,5,4,4.0,4.0,3.6666666666666665,3.0,4.0,4.666666666666667
189,104,2,2,1,2,4,5,5,5,4,5,5,5,4,4,4,3,4,4,4,4,4,4,4,3,4.75,4.75,4.0,3.6666666666666665,4.0,3.6666666666666665
190,88,2,2,1,2,4,4,4,4,3,4,5,5,4,4,3,3,3,3,3,3,4,4,4,3,4.0,4.25,3.6666666666666665,3.0,3.3333333333333335,3.6666666666666665
191,222,2,1,1,2,5,3,4,5,5,3,4,4,3,2,3,4,2,2,3,4,4,4,5,5,4.25,4.0,2.6666666666666665,2.6666666666666665,3.6666666666666665,4.666666666666667
192,106,2,2,1,2,4,5,3,4,4,2,4,4,4,4,5,4,4,4,4,5,5,5,5,5,4.0,3.5,4.333333333333333,4.0,4.666666666666667,5.0
193,41,2,1,1,1,4,4,5,5,5,5,5,5,5,5,5,4,4,4,4,4,4,3,3,2,4.5,5.0,5.0,4.0,4.0,2.6666666666666665
194,81,2,1,1,2,2,4,4,4,5,5,5,4,4,5,5,5,5,5,5,5,5,5,5,5,3.5,4.75,4.666666666666667,5.0,5.0,5.0
195,74,1,2,1,2,4,4,4,4,4,4,4,4,4,4,4,4,4,4,4,4,4,4,4,4,4.0,4.0,4.0,4.0,4.0,4.0
196,58,2,2,1,3,5,5,5,5,5,5,5,5,5,5,5,5,5,5,5,5,5,5,5,5,5.0,5.0,5.0,5.0,5.0,5.0
197,171,2,2,1,2,5,5,5,5,5,5,5,5,5,5,5,5,5,5,5,5,5,5,5,5,5.0,5.0,5.0,5.0,5.0,5.0
198,108,1,2,1,2,4,4,4,4,4,4,4,4,4,4,4,4,4,4,4,4,4,4,4,4,4.0,4.0,4.0,4.0,4.0,4.0
199,46,2,2,1,3,5,5,5,5,5,5,5,5,5,5,5,5,5,5,5,5,5,5,5,5,5.0,5.0,5.0,5.0,5.0,5.0
200,173,2,2,1,1,4,4,4,4,4,4,4,4,3,4,4,4,3,4,4,4,4,5,5,5,4.0,4.0,3.6666666666666665,3.6666666666666665,4.0,5.0
201,230,2,2,1,2,4,4,4,4,3,4,4,4,3,3,3,3,3,3,4,3,4,4,3,3,4.0,3.75,3.0,3.0,3.6666666666666665,3.3333333333333335
202,71,1,2,1,1,4,4,4,4,4,4,4,4,4,3,3,3,4,3,3,3,3,3,3,3,4.0,4.0,3.3333333333333335,3.3333333333333335,3.0,3.0
203,141,2,2,1,2,5,5,5,5,5,5,5,5,5,5,5,5,5,5,5,5,5,5,5,5,5.0,5.0,5.0,5.0,5.0,5.0
204,141,2,1,1,2,4,4,5,4,4,4,4,5,4,4,4,4,4,4,4,4,4,4,4,4,4.25,4.25,4.0,4.0,4.0,4.0
205,80,1,2,1,2,3,4,4,4,4,4,4,4,3,3,3,3,3,3,3,3,3,3,3,3,3.75,4.0,3.0,3.0,3.0,3.0
206,261,2,2,1,2,2,1,2,3,1,4,1,4,4,4,4,4,3,3,1,4,5,4,2,4,2.0,2.5,4.0,3.3333333333333335,3.3333333333333335,3.3333333333333335
207,222,2,2,1,2,5,5,5,5,4,5,5,5,4,4,5,5,5,5,5,4,5,5,4,3,5.0,4.75,4.333333333333333,5.0,4.666666666666667,4.0
208,115,2,3,1,1,4,4,5,4,4,4,4,4,4,4,4,2,3,4,4,4,4,4,4,4,4.25,4.0,4.0,3.0,4.0,4.0
209,86,2,2,1,2,4,4,4,3,3,4,3,4,3,2,3,5,5,4,3,3,3,3,3,3,3.75,3.5,2.6666666666666665,4.666666666666667,3.0,3.0
210,67,2,2,1,1,3,4,4,3,3,4,4,4,4,3,3,2,3,3,2,3,3,3,3,3,3.5,3.75,3.3333333333333335,2.6666666666666665,2.6666666666666665,3.0
211,191,2,2,1,2,2,4,4,4,2,3,4,4,4,3,3,3,4,3,3,3,3,4,4,4,3.5,3.25,3.3333333333333335,3.3333333333333335,3.0,4.0
212,249,1,2,1,2,4,4,4,4,4,3,3,4,5,5,4,4,3,4,4,4,4,4,4,3,4.0,3.5,4.666666666666667,3.6666666666666665,4.0,3.6666666666666665
213,48,1,2,1,2,5,5,5,5,5,5,4,3,3,4,2,3,2,2,1,1,1,3,2,3,5.0,4.25,3.0,2.3333333333333335,1.0,2.6666666666666665
214,151,2,2,1,2,4,5,5,5,5,5,4,4,5,4,4,4,5,5,4,4,4,5,5,3,4.75,4.5,4.333333333333333,4.666666666666667,4.0,4.333333333333333
215,395,1,2,1,2,5,5,5,5,5,5,5,5,5,5,5,4,4,4,4,4,4,3,3,3,5.0,5.0,5.0,4.0,4.0,3.0
216,109,2,1,1,1,4,5,5,3,5,5,5,5,4,4,4,2,2,2,4,4,4,4,3,4,4.25,5.0,4.0,2.0,4.0,3.6666666666666665
217,162,1,2,1,2,2,4,4,2,4,4,4,4,3,3,4,3,3,3,4,3,2,2,2,3,3.0,4.0,3.3333333333333335,3.0,3.0,2.3333333333333335
218,97,1,2,1,2,4,4,4,4,4,4,4,4,4,4,4,4,4,4,4,4,4,4,4,4,4.0,4.0,4.0,4.0,4.0,4.0
219,168,2,1,1,1,5,5,3,4,4,3,4,4,5,5,5,5,5,4,4,4,4,4,4,4,4.25,3.75,5.0,4.666666666666667,4.0,4.0
220,85,2,1,1,1,4,4,5,4,4,5,4,5,4,4,4,4,4,4,4,4,4,4,4,4,4.25,4.5,4.0,4.0,4.0,4.0
221,487,2,2,1,2,3,4,4,4,4,4,4,4,4,4,4,4,4,4,4,4,4,4,4,4,3.75,4.0,4.0,4.0,4.0,4.0
222,85,2,2,1,1,4,4,4,4,4,4,4,4,4,4,4,3,3,3,3,4,3,3,3,3,4.0,4.0,4.0,3.0,3.3333333333333335,3.0
223,141,2,2,1,1,3,3,3,4,3,4,4,3,3,3,3,3,3,3,3,3,3,3,3,3,3.25,3.5,3.0,3.0,3.0,3.0
224,153,2,2,1,1,4,4,5,3,2,4,3,3,3,3,3,4,4,3,3,4,5,4,4,4,4.0,3.0,3.0,3.6666666666666665,4.0,4.0
225,226,2,2,1,1,4,3,2,3,3,3,3,3,3,3,3,3,3,3,3,3,3,3,3,3,3.0,3.0,3.0,3.0,3.0,3.0
226,453,2,2,1,1,3,4,3,4,1,4,4,3,3,4,3,4,4,3,4,4,3,4,4,3,3.5,3.0,3.3333333333333335,3.6666666666666665,3.6666666666666665,3.6666666666666665
227,68,2,2,1,1,3,3,3,3,3,3,3,3,3,3,3,3,3,3,5,3,3,3,3,3,3.0,3.0,3.0,3.0,3.6666666666666665,3.0
228,61,2,2,1,2,4,4,4,4,4,4,4,4,3,3,4,4,4,3,4,4,4,4,4,4,4.0,4.0,3.3333333333333335,3.6666666666666665,4.0,4.0
229,186,2,2,1,2,4,4,4,2,4,4,4,4,4,4,4,4,4,2,4,4,4,4,2,2,3.5,4.0,4.0,3.3333333333333335,4.0,2.6666666666666665
230,119,2,2,1,2,4,3,3,4,4,4,3,3,4,4,4,4,4,4,3,4,4,4,4,4,3.5,3.5,4.0,4.0,3.6666666666666665,4.0
231,95,2,2,1,2,5,5,5,4,4,5,5,5,4,4,4,5,5,5,5,4,4,5,5,4,4.75,4.75,4.0,5.0,4.333333333333333,4.666666666666667
232,104,2,2,1,2,3,5,5,3,3,4,4,5,4,4,3,4,4,4,4,4,4,3,3,3,4.0,4.0,3.6666666666666665,4.0,4.0,3.0
233,56,1,2,1,2,3,3,3,4,3,3,3,3,3,3,3,1,3,3,3,3,3,3,3,3,3.25,3.0,3.0,2.3333333333333335,3.0,3.0
234,326,2,1,1,2,4,5,5,4,4,5,5,5,5,5,4,4,5,5,5,5,5,5,4,4,4.5,4.75,4.666666666666667,4.666666666666667,5.0,4.333333333333333
235,109,2,2,1,2,4,3,3,4,2,3,4,3,4,4,4,4,3,3,3,4,3,4,4,4,3.5,3.0,4.0,3.3333333333333335,3.3333333333333335,4.0
236,171,2,1,1,1,4,4,4,4,4,4,4,4,4,4,5,4,4,4,4,4,4,4,4,4,4.0,4.0,4.333333333333333,4.0,4.0,4.0
237,61,2,2,1,2,4,4,4,4,4,4,4,4,4,4,4,4,4,4,4,4,4,4,4,4,4.0,4.0,4.0,4.0,4.0,4.0
238,76,2,2,1,1,3,3,3,3,3,3,3,3,3,3,3,3,3,3,3,3,3,4,3,4,3.0,3.0,3.0,3.0,3.0,3.6666666666666665
239,147,2,2,1,2,4,3,3,4,2,4,4,4,4,4,4,2,2,4,4,4,4,4,3,3,3.5,3.5,4.0,2.6666666666666665,4.0,3.3333333333333335
240,106,2,2,1,2,4,4,4,4,3,4,4,4,4,3,4,3,4,3,3,4,4,4,4,4,4.0,3.75,3.6666666666666665,3.3333333333333335,3.6666666666666665,4.0
241,87,2,2,1,1,4,4,5,5,4,5,5,5,4,5,5,2,4,4,3,4,4,4,4,4,4.5,4.75,4.666666666666667,3.3333333333333335,3.6666666666666665,4.0
242,109,2,1,1,2,4,3,3,4,3,4,3,3,4,4,4,4,5,4,4,4,4,4,4,4,3.5,3.25,4.0,4.333333333333333,4.0,4.0
243,193,2,2,1,2,3,4,4,4,3,4,4,4,3,3,3,2,4,4,3,3,3,4,3,3,3.75,3.75,3.0,3.3333333333333335,3.0,3.3333333333333335
244,356,2,2,1,1,4,4,4,2,3,4,5,4,5,4,5,5,5,5,2,5,5,4,4,3,3.5,4.0,4.666666666666667,5.0,4.0,3.6666666666666665
245,137,2,2,1,2,3,4,4,3,3,3,3,5,4,2,4,4,5,5,3,3,5,5,5,3,3.5,3.5,3.3333333333333335,4.666666666666667,3.6666666666666665,4.333333333333333
246,150,2,2,1,1,2,3,3,4,3,3,4,3,5,4,3,3,4,3,3,4,4,3,4,4,3.0,3.25,4.0,3.3333333333333335,3.6666666666666665,3.6666666666666665
247,62,2,2,1,2,4,4,4,4,5,4,4,4,4,4,4,4,4,4,4,4,4,4,4,4,4.0,4.25,4.0,4.0,4.0,4.0
248,300,2,2,1,2,4,5,5,5,5,5,5,5,5,5,5,5,5,5,5,5,5,5,5,5,4.75,5.0,5.0,5.0,5.0,5.0
249,50,2,1,1,2,4,4,5,5,5,5,5,5,4,5,5,5,5,4,5,5,5,5,5,5,4.5,5.0,4.666666666666667,4.666666666666667,5.0,5.0
250,52,2,2,1,2,3,3,3,3,3,3,3,3,4,4,4,4,4,4,4,4,4,4,4,4,3.0,3.0,4.0,4.0,4.0,4.0
251,59,1,2,1,2,4,4,5,5,5,5,5,5,5,5,5,5,4,3,2,4,4,4,5,5,4.5,5.0,5.0,4.0,3.3333333333333335,4.666666666666667
252,73,2,1,1,2,5,5,5,5,5,5,5,5,5,5,5,5,5,5,5,5,5,5,5,5,5.0,5.0,5.0,5.0,5.0,5.0
253,64,2,2,1,1,4,4,5,5,5,5,5,5,5,5,5,5,5,5,5,5,5,5,5,5,4.5,5.0,5.0,5.0,5.0,5.0
254,83,2,2,1,1,4,4,4,4,5,4,4,5,5,5,5,5,5,5,5,5,5,5,5,5,4.0,4.5,5.0,5.0,5.0,5.0
255,81,2,2,1,1,4,4,4,4,4,4,4,4,4,4,4,4,4,4,4,4,4,4,4,4,4.0,4.0,4.0,4.0,4.0,4.0
256,73,2,2,1,2,5,5,5,5,4,5,5,5,4,4,5,4,5,4,4,4,5,4,5,4,5.0,4.75,4.333333333333333,4.333333333333333,4.333333333333333,4.333333333333333
257,97,2,1,1,1,5,5,5,5,4,5,4,4,4,4,4,4,4,4,4,4,4,4,4,4,5.0,4.25,4.0,4.0,4.0,4.0
258,95,2,2,1,2,3,3,5,4,5,5,5,5,3,3,3,3,3,4,3,3,3,3,3,3,3.75,5.0,3.0,3.3333333333333335,3.0,3.0
259,61,2,2,1,2,4,4,4,4,5,5,5,5,5,5,5,5,5,5,5,5,5,5,5,5,4.0,5.0,5.0,5.0,5.0,5.0
260,107,2,2,1,2,5,5,5,5,5,5,5,5,5,5,5,5,5,5,5,5,5,5,5,5,5.0,5.0,5.0,5.0,5.0,5.0
261,51,2,2,1,2,4,4,4,4,4,4,4,4,4,4,4,4,4,4,4,4,4,4,4,4,4.0,4.0,4.0,4.0,4.0,4.0
262,112,2,2,1,2,4,4,3,3,3,3,4,3,3,4,3,2,2,3,4,3,3,4,3,3,3.5,3.25,3.3333333333333335,2.3333333333333335,3.3333333333333335,3.3333333333333335
263,103,2,2,1,2,4,4,4,4,4,4,4,4,3,3,3,3,3,3,4,4,4,4,4,4,4.0,4.0,3.0,3.0,4.0,4.0
264,69,2,2,1,2,4,5,5,4,4,5,5,5,5,5,5,5,5,5,5,5,5,5,5,5,4.5,4.75,5.0,5.0,5.0,5.0
265,121,2,2,1,2,1,5,5,5,5,5,5,5,5,5,5,5,5,5,5,5,5,5,5,5,4.0,5.0,5.0,5.0,5.0,5.0
266,72,2,2,1,2,4,5,5,4,3,5,5,5,3,3,3,4,4,3,3,3,4,4,4,4,4.5,4.5,3.0,3.6666666666666665,3.3333333333333335,4.0
267,125,2,1,1,1,3,3,3,3,3,3,3,3,3,3,3,3,3,3,5,5,5,4,4,4,3.0,3.0,3.0,3.0,5.0,4.0
268,122,2,2,1,1,5,5,5,5,4,4,4,4,5,5,4,4,4,3,4,4,4,4,4,4,5.0,4.0,4.666666666666667,3.6666666666666665,4.0,4.0
269,106,2,2,1,2,4,4,4,4,4,4,4,4,4,4,4,4,4,4,4,4,4,4,4,4,4.0,4.0,4.0,4.0,4.0,4.0
270,141,2,1,1,2,4,3,3,5,2,3,4,2,4,5,5,3,3,3,4,4,4,4,4,3,3.75,2.75,4.666666666666667,3.0,4.0,3.6666666666666665
271,127,2,1,1,2,3,3,3,4,2,3,4,3,2,1,1,1,1,1,2,1,1,1,2,2,3.25,3.0,1.3333333333333333,1.0,1.3333333333333333,1.6666666666666667
272,60,2,2,1,2,4,4,3,4,3,4,4,4,4,3,4,2,2,4,4,4,4,3,3,3,3.75,3.75,3.6666666666666665,2.6666666666666665,4.0,3.0
273,62,2,2,1,2,4,4,4,4,4,4,4,5,5,5,5,5,5,5,5,5,5,4,4,4,4.0,4.25,5.0,5.0,5.0,4.0
274,61,2,2,1,1,4,3,3,4,4,3,5,3,5,5,3,3,3,3,4,4,4,4,4,4,3.5,3.75,4.333333333333333,3.0,4.0,4.0
275,85,1,2,1,2,4,4,4,4,4,5,5,5,5,5,5,4,4,4,4,4,4,4,4,4,4.0,4.75,5.0,4.0,4.0,4.0
276,153,2,2,1,2,4,3,3,5,5,3,5,3,3,3,4,3,3,3,3,3,3,4,4,5,3.75,4.0,3.3333333333333335,3.0,3.0,4.333333333333333
277,153,2,2,1,2,4,3,3,5,5,3,5,3,3,3,4,3,3,3,3,3,3,4,4,5,3.75,4.0,3.3333333333333335,3.0,3.0,4.333333333333333
278,148,1,2,1,2,4,4,4,4,4,4,4,4,4,5,5,4,4,5,3,4,4,4,4,4,4.0,4.0,4.666666666666667,4.333333333333333,3.6666666666666665,4.0
279,87,2,2,1,1,5,5,5,5,4,4,5,4,5,5,5,4,5,5,5,5,3,5,5,5,5.0,4.25,5.0,4.666666666666667,4.333333333333333,5.0
280,102,2,2,1,2,2,4,5,5,5,5,4,5,4,4,5,4,4,4,4,4,4,4,4,4,4.0,4.75,4.333333333333333,4.0,4.0,4.0
281,173,2,2,1,2,4,4,4,4,4,4,4,4,4,4,4,3,3,4,4,4,4,4,4,3,4.0,4.0,4.0,3.3333333333333335,4.0,3.6666666666666665
282,208,2,2,1,2,4,4,4,4,4,4,4,4,4,4,4,4,4,4,3,3,3,4,4,4,4.0,4.0,4.0,4.0,3.0,4.0
283,113,2,2,1,2,5,4,5,5,5,5,2,4,5,5,5,5,5,5,5,5,5,5,5,5,4.75,4.0,5.0,5.0,5.0,5.0
284,200,1,2,1,2,5,4,4,4,4,4,4,4,4,3,4,3,4,4,4,4,4,4,5,4,4.25,4.0,3.6666666666666665,3.6666666666666665,4.0,4.333333333333333
285,205,2,2,1,2,4,4,4,4,3,3,4,4,4,4,4,4,4,4,4,4,4,4,4,4,4.0,3.5,4.0,4.0,4.0,4.0
286,139,2,2,1,1,4,5,4,4,4,4,4,4,4,4,4,4,4,4,4,4,4,4,4,4,4.25,4.0,4.0,4.0,4.0,4.0
287,171,1,2,1,2,1,4,4,5,5,5,3,5,5,5,5,2,2,4,4,5,4,4,4,3,3.5,4.5,5.0,2.6666666666666665,4.333333333333333,3.6666666666666665
288,134,1,2,1,2,4,2,2,5,3,2,3,3,4,4,3,3,3,4,4,5,5,4,4,4,3.25,2.75,3.6666666666666665,3.3333333333333335,4.666666666666667,4.0
289,276,2,1,1,2,3,3,4,2,4,4,4,3,3,3,4,3,3,3,4,4,4,4,4,4,3.0,3.75,3.3333333333333335,3.0,4.0,4.0
290,70,2,2,1,1,5,5,5,5,4,5,5,5,5,5,5,5,5,5,5,5,5,5,5,5,5.0,4.75,5.0,5.0,5.0,5.0
291,419,2,1,1,2,4,4,4,4,4,4,4,4,4,3,4,4,4,4,4,4,4,4,3,3,4.0,4.0,3.6666666666666665,4.0,4.0,3.3333333333333335
292,120,2,2,1,1,5,5,5,5,5,5,5,5,5,5,5,5,5,5,5,5,5,5,5,5,5.0,5.0,5.0,5.0,5.0,5.0
293,3249,1,2,1,2,5,5,5,5,5,5,5,5,5,5,5,5,4,4,4,5,5,5,5,5,5.0,5.0,5.0,4.333333333333333,4.666666666666667,5.0
294,91,2,2,1,2,4,4,4,4,5,4,4,4,4,4,4,4,4,4,4,4,4,4,4,4,4.0,4.25,4.0,4.0,4.0,4.0
295,82,2,2,1,2,5,5,5,5,5,5,5,5,5,5,5,4,4,3,5,4,5,3,3,5,5.0,5.0,5.0,3.6666666666666665,4.666666666666667,3.6666666666666665
296,96,2,2,1,1,3,4,4,3,3,4,4,4,3,3,3,3,4,4,3,3,3,3,3,4,3.5,3.75,3.0,3.6666666666666665,3.0,3.3333333333333335
297,99,2,1,1,2,3,4,3,4,4,3,4,4,3,3,3,3,3,4,4,3,3,4,4,4,3.5,3.75,3.0,3.3333333333333335,3.3333333333333335,4.0
298,68,2,2,1,2,4,4,4,4,4,4,4,4,4,4,4,4,4,4,4,4,4,4,4,4,4.0,4.0,4.0,4.0,4.0,4.0
299,57,1,2,1,1,1,1,1,5,1,1,5,3,3,3,3,3,3,3,3,3,3,3,3,3,2.0,2.5,3.0,3.0,3.0,3.0
300,53,2,2,1,1,5,5,5,5,5,5,5,5,5,5,5,5,5,5,5,5,5,5,5,5,5.0,5.0,5.0,5.0,5.0,5.0
301,53,1,2,1,1,5,5,5,5,5,5,5,5,5,5,5,5,5,5,5,5,5,5,5,5,5.0,5.0,5.0,5.0,5.0,5.0
302,59,1,2,1,1,4,4,4,4,4,4,4,4,4,4,4,4,4,4,4,4,4,4,4,4,4.0,4.0,4.0,4.0,4.0,4.0
303,91,1,2,1,2,4,4,4,4,4,4,4,4,4,4,4,4,4,4,4,4,4,4,4,4,4.0,4.0,4.0,4.0,4.0,4.0
304,90,1,2,1,2,5,5,5,5,5,5,5,5,5,5,5,4,5,5,5,5,5,5,5,5,5.0,5.0,5.0,4.666666666666667,5.0,5.0
305,3779,1,3,1,1,4,4,4,5,5,5,4,4,5,5,5,5,5,5,5,5,5,5,5,5,4.25,4.5,5.0,5.0,5.0,5.0
306,188,2,2,1,2,4,4,4,4,4,4,4,4,4,4,4,3,4,4,4,4,4,5,4,4,4.0,4.0,4.0,3.6666666666666665,4.0,4.333333333333333
307,76,1,1,1,2,4,4,4,4,4,5,5,5,5,5,5,3,3,4,4,4,4,4,4,4,4.0,4.75,5.0,3.3333333333333335,4.0,4.0
308,32,1,2,1,2,5,5,5,5,5,5,5,5,5,5,5,5,5,5,5,5,5,5,5,5,5.0,5.0,5.0,5.0,5.0,5.0
309,164,2,2,1,2,2,4,4,3,3,4,4,5,3,4,4,4,4,4,4,4,4,4,4,4,3.25,4.0,3.6666666666666665,4.0,4.0,4.0
310,226,1,2,1,2,3,3,3,3,3,3,3,3,3,3,3,3,3,3,3,3,3,3,3,3,3.0,3.0,3.0,3.0,3.0,3.0
311,127,2,2,1,2,4,4,4,4,4,5,5,5,4,4,2,2,2,4,4,4,4,4,4,4,4.0,4.75,3.3333333333333335,2.6666666666666665,4.0,4.0
312,67,2,2,1,1,3,3,3,2,5,5,4,4,5,5,5,3,3,3,3,4,4,4,4,4,2.75,4.5,5.0,3.0,3.6666666666666665,4.0
313,134,1,2,1,2,5,1,1,4,3,1,1,4,4,5,5,2,2,2,5,4,5,5,5,5,2.75,2.25,4.666666666666667,2.0,4.666666666666667,5.0
314,74,1,2,1,2,3,3,2,4,3,4,3,3,4,4,3,3,3,3,3,3,3,3,3,4,3.0,3.25,3.6666666666666665,3.0,3.0,3.3333333333333335
315,105,2,1,1,2,4,4,4,4,4,4,4,4,3,4,4,3,4,4,4,4,4,4,4,3,4.0,4.0,3.6666666666666665,3.6666666666666665,4.0,3.6666666666666665
316,71,1,2,1,2,4,4,5,5,4,4,4,4,4,5,4,3,4,4,5,5,5,3,4,4,4.5,4.0,4.333333333333333,3.6666666666666665,5.0,3.6666666666666665
317,113,1,2,1,2,4,5,5,5,5,5,5,5,5,5,5,5,5,5,5,5,5,5,5,5,4.75,5.0,5.0,5.0,5.0,5.0
318,334,2,2,1,2,2,3,5,4,2,3,5,4,4,4,4,5,5,4,5,4,2,3,4,4,3.5,3.5,4.0,4.666666666666667,3.6666666666666665,3.6666666666666665
319,71,1,2,1,2,5,5,5,5,5,5,5,5,5,5,5,3,3,4,5,5,5,5,3,3,5.0,5.0,5.0,3.3333333333333335,5.0,3.6666666666666665
320,1398,2,2,1,1,4,3,4,4,3,4,3,4,4,4,3,4,4,4,4,4,4,4,4,4,3.75,3.5,3.6666666666666665,4.0,4.0,4.0
321,57,1,2,1,2,2,4,4,4,4,4,4,4,4,4,4,4,4,4,4,4,2,2,2,2,3.5,4.0,4.0,4.0,3.3333333333333335,2.0
322,82,2,2,1,2,4,4,4,4,4,4,4,4,4,4,3,3,3,4,4,4,4,4,4,4,4.0,4.0,3.6666666666666665,3.3333333333333335,4.0,4.0
323,57,2,1,1,1,5,5,5,5,5,5,5,5,5,4,3,4,3,4,3,5,5,5,5,5,5.0,5.0,4.0,3.6666666666666665,4.333333333333333,5.0
324,109,1,2,1,2,5,4,4,5,4,4,4,4,4,4,4,4,4,4,3,4,4,4,4,4,4.5,4.0,4.0,4.0,3.6666666666666665,4.0
325,89,2,2,1,1,3,3,3,2,2,3,4,2,2,2,2,1,2,1,1,2,2,4,4,4,2.75,2.75,2.0,1.3333333333333333,1.6666666666666667,4.0
326,241,1,2,1,2,4,4,4,4,4,4,4,4,3,4,4,3,2,4,4,3,4,4,4,4,4.0,4.0,3.6666666666666665,3.0,3.6666666666666665,4.0
327,59,2,3,4,1,4,4,4,4,4,4,4,4,4,4,4,4,4,4,4,4,4,4,4,4,4.0,4.0,4.0,4.0,4.0,4.0
328,196,1,1,1,2,3,4,3,2,3,3,4,3,4,4,4,4,4,4,4,4,4,4,4,4,3.0,3.25,4.0,4.0,4.0,4.0
329,71,2,2,1,2,4,4,5,4,4,4,4,4,5,5,5,5,5,5,5,5,5,5,5,5,4.25,4.0,5.0,5.0,5.0,5.0
330,65,2,2,1,1,5,5,5,5,5,5,5,5,5,5,5,5,5,5,5,5,5,5,5,5,5.0,5.0,5.0,5.0,5.0,5.0
331,117,2,3,4,1,4,4,3,5,4,3,4,4,4,4,3,2,2,4,4,4,4,4,4,4,4.0,3.75,3.6666666666666665,2.6666666666666665,4.0,4.0
332,56,2,2,1,1,4,5,5,5,5,5,5,5,5,5,5,5,5,5,5,5,5,5,5,5,4.75,5.0,5.0,5.0,5.0,5.0
333,37,2,2,1,1,2,2,3,3,3,3,4,4,2,1,1,1,1,1,1,1,1,4,5,5,2.5,3.5,1.3333333333333333,1.0,1.0,4.666666666666667
334,107,1,2,1,2,2,3,3,4,3,4,4,4,4,4,3,4,4,4,4,4,4,5,5,5,3.0,3.75,3.6666666666666665,4.0,4.0,5.0
335,183,2,2,1,2,3,3,3,3,3,3,4,3,3,3,3,3,3,3,3,3,3,3,3,3,3.0,3.25,3.0,3.0,3.0,3.0
336,73,1,2,1,2,2,2,2,2,2,2,2,2,5,5,5,4,4,4,4,4,4,5,5,5,2.0,2.0,5.0,4.0,4.0,5.0
337,100,2,1,1,2,5,5,5,5,3,5,5,5,3,3,4,2,3,3,3,3,3,2,4,3,5.0,4.5,3.3333333333333335,2.6666666666666665,3.0,3.0
338,80,2,1,1,1,4,4,4,4,4,4,4,4,3,3,4,3,3,4,4,3,4,3,3,3,4.0,4.0,3.3333333333333335,3.3333333333333335,3.6666666666666665,3.0
339,47,2,2,1,1,4,5,5,5,5,5,5,5,5,5,5,5,2,2,3,2,5,5,5,5,4.75,5.0,5.0,3.0,3.3333333333333335,5.0
340,118,2,2,1,2,3,3,3,4,3,3,3,3,3,4,3,3,3,3,3,4,3,3,3,3,3.25,3.0,3.3333333333333335,3.0,3.3333333333333335,3.0
341,71,2,1,1,2,3,4,3,4,4,4,5,4,2,2,2,2,2,2,1,2,2,2,2,2,3.5,4.25,2.0,2.0,1.6666666666666667,2.0
342,59,2,1,1,2,5,5,5,5,5,5,5,5,5,5,5,5,5,3,4,4,4,4,4,4,5.0,5.0,5.0,4.333333333333333,4.0,4.0
343,68,2,2,1,1,2,1,1,5,4,1,4,1,3,4,2,1,1,1,1,1,1,1,1,1,2.25,2.5,3.0,1.0,1.0,1.0
344,74,2,2,1,2,3,3,5,5,3,5,3,5,3,3,3,3,3,3,3,3,3,3,3,3,4.0,4.0,3.0,3.0,3.0,3.0
345,79,1,2,1,1,4,4,4,4,4,4,4,4,4,4,3,4,4,4,3,3,3,3,3,3,4.0,4.0,3.6666666666666665,4.0,3.0,3.0
346,89,2,2,1,2,3,3,5,4,4,5,4,5,3,3,3,3,3,3,3,4,2,3,3,3,3.75,4.5,3.0,3.0,3.0,3.0
347,63,2,2,1,2,5,5,5,5,5,5,5,5,5,5,5,4,5,5,5,5,5,5,5,5,5.0,5.0,5.0,4.666666666666667,5.0,5.0
348,85,1,2,1,2,4,4,4,4,4,4,4,4,4,4,4,4,4,4,4,4,4,4,4,4,4.0,4.0,4.0,4.0,4.0,4.0
349,107,1,2,1,2,4,5,5,3,4,5,5,5,4,3,4,2,3,3,3,4,4,4,3,1,4.25,4.75,3.6666666666666665,2.6666666666666665,3.6666666666666665,2.6666666666666665
350,146,1,2,1,2,4,5,5,3,4,5,5,5,4,3,4,2,3,3,3,4,4,4,3,1,4.25,4.75,3.6666666666666665,2.6666666666666665,3.6666666666666665,2.6666666666666665
351,104,2,2,1,1,4,4,4,4,4,4,4,4,4,3,3,3,3,4,3,4,4,4,3,3,4.0,4.0,3.3333333333333335,3.3333333333333335,3.6666666666666665,3.3333333333333335
352,108,2,2,1,2,5,4,4,4,3,3,4,5,4,3,3,2,5,5,3,3,4,3,3,3,4.25,3.75,3.3333333333333335,4.0,3.3333333333333335,3.0
353,42,2,1,1,2,5,5,5,5,5,5,5,5,5,5,5,5,5,5,5,5,5,5,5,5,5.0,5.0,5.0,5.0,5.0,5.0
354,71,1,2,1,1,5,5,5,4,4,4,4,4,4,4,4,4,4,4,4,4,4,4,4,4,4.75,4.0,4.0,4.0,4.0,4.0
355,41,2,1,1,1,3,3,3,3,3,3,3,3,5,5,5,5,5,5,5,5,5,5,5,4,3.0,3.0,5.0,5.0,5.0,4.666666666666667
356,71,2,2,1,2,4,4,4,4,4,4,4,4,4,4,4,4,4,4,4,4,4,4,4,4,4.0,4.0,4.0,4.0,4.0,4.0
357,140,2,2,1,2,2,4,4,4,3,4,4,4,3,3,3,3,3,3,2,3,3,2,2,1,3.5,3.75,3.0,3.0,2.6666666666666665,1.6666666666666667
358,301,1,2,1,1,4,3,4,3,3,5,5,5,1,1,1,1,1,1,1,1,1,1,3,4,3.5,4.5,1.0,1.0,1.0,2.6666666666666665
359,72,2,3,3,1,4,4,5,5,5,5,5,5,5,4,5,5,5,3,5,5,5,5,5,5,4.5,5.0,4.666666666666667,4.333333333333333,5.0,5.0
360,113,2,2,1,1,4,4,4,4,4,4,4,4,4,4,4,2,2,4,5,4,4,4,4,4,4.0,4.0,4.0,2.6666666666666665,4.333333333333333,4.0
361,62,2,2,1,1,3,4,4,4,4,4,4,4,4,4,4,4,4,4,4,4,4,4,4,4,3.75,4.0,4.0,4.0,4.0,4.0
362,100,2,2,1,1,3,3,3,4,3,3,3,3,3,3,3,3,3,3,3,3,3,3,3,3,3.25,3.0,3.0,3.0,3.0,3.0
363,59,1,2,1,2,4,4,4,4,4,4,4,4,4,4,4,4,4,4,4,4,4,4,4,4,4.0,4.0,4.0,4.0,4.0,4.0
364,214,2,2,2,1,5,4,3,4,3,2,4,4,3,3,2,2,3,3,2,2,4,5,5,5,4.0,3.25,2.6666666666666665,2.6666666666666665,2.6666666666666665,5.0
365,65,2,2,3,1,4,4,5,5,5,5,5,5,4,4,4,4,4,5,5,4,5,4,5,4,4.5,5.0,4.0,4.333333333333333,4.666666666666667,4.333333333333333
366,64,2,3,3,1,3,3,4,5,3,4,4,4,5,5,5,5,5,4,5,5,5,5,4,4,3.75,3.75,5.0,4.666666666666667,5.0,4.333333333333333
367,85,2,3,3,1,4,4,4,4,3,4,4,4,4,4,4,4,4,4,4,4,4,4,4,4,4.0,3.75,4.0,4.0,4.0,4.0
368,44,2,2,3,1,4,4,4,4,4,4,4,4,4,4,4,4,4,4,4,4,4,4,4,4,4.0,4.0,4.0,4.0,4.0,4.0
