index,totalseconds,Gender,Age,Grade,Subject,PEdS1,PEdS2,PEdS3,PEdS4,PEmS1,PEmS2,PEmS3,PEmS4,PU1,PU2,PU3,CON1,CON2,CON3,SAT1,SAT2,SAT3,CI1,CI2,CI3,Straight_Line_Flag,Very_Fast_Flag,High_Risk_Flag,Strict_Duplicate_Flag
1,65,2,3,4,1,4,5,5,5,5,4,4,4,5,4,2,4,5,4,5,5,4,5,5,5,False,False,False,False
2,103,2,3,4,1,4,4,4,4,4,4,4,4,4,3,4,4,4,5,5,4,4,3,3,3,False,False,False,False
3,110,1,3,4,1,4,4,4,3,4,4,4,4,2,2,2,3,4,3,2,2,4,2,2,4,False,False,False,False
4,98,2,3,4,1,2,4,4,4,5,5,4,4,5,2,5,4,5,5,5,5,5,5,5,4,False,False,False,False
5,116,2,3,4,1,3,4,3,2,3,4,3,3,4,3,3,2,2,2,2,3,4,4,3,3,False,False,False,False
6,107,1,4,4,1,4,4,4,4,4,4,4,4,4,4,4,4,4,4,4,4,4,4,4,4,True,False,False,False
7,87,2,3,4,1,4,2,3,4,4,3,4,3,4,4,3,3,3,4,4,4,4,4,4,3,False,False,False,False
8,45,2,2,1,1,4,4,3,4,4,4,4,4,3,4,4,4,4,4,4,4,4,4,1,1,False,True,False,False
9,78,1,2,1,1,4,4,4,4,4,4,4,4,4,4,4,4,4,4,4,4,4,4,4,4,True,False,False,False
10,109,2,2,1,1,4,3,3,3,3,3,3,3,2,2,2,3,3,3,3,2,3,4,4,4,False,False,False,False
11,122,2,2,1,1,4,4,5,4,4,4,4,5,4,3,4,2,2,2,2,4,4,4,4,4,False,False,False,False
12,150,2,2,1,1,4,4,4,4,3,3,5,3,4,3,4,3,3,3,4,3,3,4,4,3,False,False,False,False
13,62,2,1,1,1,4,3,4,5,4,4,5,4,4,4,4,4,4,3,4,4,4,4,4,4,False,False,False,False
14,209,2,2,1,1,4,4,4,4,4,4,4,4,4,4,3,3,3,3,3,3,3,4,3,2,False,False,False,False
15,90,2,2,1,1,5,5,4,5,5,5,5,5,5,4,3,2,4,5,4,4,4,4,4,4,False,False,False,False
16,70,2,2,1,1,3,3,3,3,3,3,3,3,3,3,3,3,3,3,3,3,3,3,3,3,True,False,False,False
17,293,2,2,1,1,4,4,4,4,4,5,4,4,4,4,3,4,4,4,2,4,4,4,4,4,False,False,False,False
18,147,2,2,1,1,5,5,5,4,5,5,5,5,5,5,4,4,4,4,4,4,4,4,4,4,False,False,False,False
19,61,2,2,1,1,4,4,5,5,5,5,5,5,5,4,5,4,5,5,5,5,4,5,4,5,False,False,False,False
20,71,2,2,1,1,5,5,5,5,5,5,5,5,5,5,5,5,5,5,5,5,5,5,5,5,True,False,False,False
21,54,2,1,1,1,3,3,3,3,3,3,2,3,3,3,3,3,3,3,3,3,3,3,3,3,False,False,False,False
22,55,2,2,1,1,5,5,5,5,5,5,4,4,4,4,4,5,4,4,4,4,4,4,4,5,False,False,False,False
23,84,2,2,1,1,5,5,5,5,5,5,5,5,5,5,5,5,5,5,5,5,5,5,5,5,True,False,False,False
24,113,2,2,1,1,5,5,5,4,4,5,5,5,4,3,4,3,4,4,4,3,3,4,3,3,False,False,False,False
25,100,2,2,1,1,4,4,4,4,4,3,4,4,3,3,3,3,2,2,2,3,3,3,3,3,False,False,False,False
26,68,2,1,1,1,5,1,1,3,3,3,3,3,3,3,3,3,3,3,3,3,3,3,3,3,False,False,False,False
27,117,2,1,1,1,4,5,5,5,3,4,4,4,4,4,3,3,4,3,3,3,4,4,4,4,False,False,False,False
28,111,2,2,1,1,4,4,4,4,4,4,4,5,4,3,3,4,4,4,4,4,4,4,3,4,False,False,False,False
29,330,2,1,1,1,4,5,5,4,4,5,4,5,4,5,4,3,4,4,4,4,4,4,4,4,False,False,False,False
30,113,2,1,1,1,4,5,5,5,5,5,5,5,4,4,4,4,4,4,4,4,4,3,4,4,False,False,False,False
31,117,2,1,1,1,4,4,4,4,4,4,3,4,4,4,4,3,3,3,4,3,3,3,3,3,False,False,False,False
32,97,2,2,1,1,4,4,4,4,4,4,4,4,4,4,4,4,4,4,4,4,4,4,4,4,True,False,False,False
33,33,2,1,1,1,4,4,4,4,4,4,4,4,4,4,4,4,4,4,4,4,4,4,4,4,True,True,True,False
34,40,2,1,1,1,3,3,3,3,3,3,3,3,3,3,3,3,3,3,3,3,3,3,3,3,True,True,True,False
35,413,2,2,1,1,4,3,4,5,3,3,4,4,3,4,4,4,4,3,4,4,3,4,3,3,False,False,False,False
36,116,1,2,1,1,4,4,3,3,3,3,3,3,3,3,3,3,3,3,3,3,3,3,3,3,False,False,False,False
37,351,2,2,1,1,5,5,5,3,4,5,5,5,4,4,3,4,4,4,4,4,4,4,4,3,False,False,False,False
38,63,2,2,1,1,3,3,4,4,4,4,4,4,4,4,4,4,4,4,4,4,4,3,3,3,False,False,False,False
39,36,2,1,1,1,3,3,3,3,3,3,3,3,2,2,3,2,3,2,2,3,3,3,3,2,False,True,False,False
40,135,2,2,1,1,4,4,4,4,4,4,4,4,4,4,4,2,4,2,4,4,4,4,2,2,False,False,False,False
41,191,2,1,1,1,4,4,5,4,4,4,4,4,3,4,4,3,3,3,3,3,3,4,3,3,False,False,False,False
42,46,2,1,1,1,5,5,5,5,5,5,5,5,5,5,5,5,5,5,5,5,5,5,5,5,True,True,True,False
43,51,1,2,1,1,3,3,3,3,3,3,3,3,3,3,3,3,3,3,3,3,3,3,3,3,True,False,False,False
44,118,2,2,1,1,4,4,4,4,4,4,4,4,5,5,4,4,4,4,5,4,5,4,5,5,False,False,False,False
45,74,2,2,1,1,5,5,5,4,4,5,5,5,5,4,4,3,4,4,4,5,3,5,5,5,False,False,False,False
46,56,1,4,4,1,2,1,1,1,1,1,1,1,1,1,1,1,1,1,1,1,1,1,1,1,False,False,False,False
47,228,1,1,1,1,5,5,3,4,3,3,5,3,4,4,4,4,3,3,3,3,3,3,3,3,False,False,False,False
48,105,2,2,1,1,5,5,5,5,5,5,5,5,4,4,5,5,5,4,5,5,5,5,5,5,False,False,False,False
49,148,1,2,1,1,3,4,4,4,3,3,3,4,4,4,4,4,4,4,4,4,4,4,4,4,False,False,False,False
50,76,2,2,1,1,5,5,5,5,5,5,5,5,5,5,5,5,5,5,5,5,5,5,5,5,True,False,False,False
51,65,2,2,1,1,4,4,5,5,5,5,5,5,5,5,4,4,4,4,4,4,4,4,4,4,False,False,False,False
52,83,2,1,1,1,2,2,3,4,2,2,2,4,5,4,3,2,2,4,4,4,3,3,3,3,False,False,False,False
53,72,2,3,4,1,4,4,4,4,4,4,4,4,3,3,1,2,1,2,2,2,2,3,3,3,False,False,False,False
54,82,2,2,1,1,4,4,4,4,3,4,4,4,4,4,4,4,4,4,4,4,4,4,4,3,False,False,False,False
55,124,2,2,1,1,5,5,5,5,5,5,5,5,5,5,5,5,5,5,5,5,5,5,5,5,True,False,False,False
56,157,2,2,1,1,4,4,5,4,4,5,5,5,4,4,4,3,5,5,4,5,5,3,5,5,False,False,False,False
57,56,2,2,1,1,5,5,5,5,5,5,5,5,5,5,5,5,5,5,5,4,5,5,5,5,False,False,False,False
58,76,2,2,1,1,5,4,5,5,5,5,5,5,5,5,5,5,5,5,5,5,5,5,5,5,False,False,False,False
59,66,2,2,1,1,5,5,5,5,5,5,5,5,5,5,5,5,5,5,5,5,5,5,5,5,True,False,False,True
60,81,2,2,1,1,4,4,3,4,4,3,3,3,3,3,3,4,4,3,4,3,3,3,3,4,False,False,False,False
61,66,2,2,1,1,5,5,5,5,5,5,5,5,5,5,5,5,5,5,5,5,5,5,5,5,True,False,False,True
62,58,2,2,1,1,4,4,4,4,4,4,4,4,4,4,4,4,4,4,4,4,4,4,4,4,True,False,False,False
63,89,2,1,1,1,4,4,4,4,4,4,4,4,4,4,3,3,3,3,3,3,3,3,3,3,False,False,False,False
64,52,2,2,1,1,4,4,4,4,4,4,4,4,4,4,4,4,4,4,4,4,4,3,3,3,False,False,False,False
65,120,2,2,1,1,4,4,4,3,4,4,4,4,4,3,4,4,4,4,4,4,4,4,4,4,False,False,False,False
66,125,2,2,1,1,4,4,4,4,4,4,4,4,4,4,4,4,4,4,4,4,4,4,4,4,True,False,False,False
67,92,2,2,1,1,3,5,5,5,5,5,5,5,5,5,5,5,4,5,5,4,4,5,5,4,False,False,False,False
68,103,2,2,1,1,5,5,5,5,4,4,5,4,4,3,4,3,5,4,3,3,4,4,4,4,False,False,False,False
69,119,2,2,1,1,3,4,4,4,4,4,4,4,4,5,4,4,4,4,4,5,4,5,4,5,False,False,False,False
70,112,2,2,1,1,3,4,4,3,2,3,3,3,5,5,5,4,4,4,4,4,4,4,4,5,False,False,False,False
71,79,2,1,1,1,5,5,5,5,5,5,5,5,5,5,5,5,5,5,5,5,5,5,5,5,True,False,False,False
72,116,2,2,1,1,4,4,4,4,4,4,4,4,4,4,4,4,4,4,4,4,4,4,4,4,True,False,False,False
73,178,2,2,1,1,3,4,4,4,3,3,4,4,3,3,4,3,4,3,4,3,3,4,4,3,False,False,False,False
74,210,2,2,1,1,5,4,5,5,5,5,5,5,4,5,4,4,4,4,4,4,4,4,5,4,False,False,False,False
75,88,2,2,1,1,4,4,4,4,4,4,4,4,4,4,3,4,4,4,4,5,4,4,4,4,False,False,False,False
76,130,2,2,1,1,3,4,5,4,3,3,4,4,3,4,3,3,3,3,3,3,2,2,3,3,False,False,False,False
77,141,2,2,1,1,4,4,4,5,4,3,5,4,4,4,4,4,4,4,4,4,4,4,4,4,False,False,False,False
78,75,2,2,1,1,2,5,5,5,5,5,5,5,5,5,5,5,5,5,5,5,5,5,5,5,False,False,False,False
79,128,2,2,1,1,3,5,4,4,3,4,5,4,4,3,3,4,4,4,4,4,4,4,4,4,False,False,False,False
80,133,2,2,1,1,4,4,4,4,4,4,4,4,5,5,5,5,5,5,5,5,5,5,5,5,False,False,False,False
81,46,2,2,1,1,4,4,4,4,4,4,4,4,4,4,4,4,4,4,4,4,4,4,4,4,True,True,True,True
82,57,2,2,1,1,4,4,4,4,4,4,4,4,4,4,4,4,4,4,4,4,4,4,4,4,True,False,False,False
83,76,2,3,4,1,4,4,4,4,4,4,4,4,4,3,3,4,4,3,3,2,2,4,2,2,False,False,False,False
84,92,2,2,1,1,4,4,4,4,3,4,4,4,3,3,3,3,4,3,3,4,3,4,4,4,False,False,False,False
85,53,2,2,1,1,4,4,4,4,4,4,4,4,4,4,4,4,4,4,4,4,4,4,4,4,True,False,False,True
86,85,2,1,1,1,4,4,5,4,3,4,3,4,4,4,3,4,3,4,4,4,4,4,4,4,False,False,False,False
87,68,2,2,1,1,4,4,5,5,5,5,5,5,5,5,5,5,5,5,5,5,5,5,5,5,False,False,False,False
88,95,1,2,1,1,5,5,5,5,5,5,5,5,5,5,5,5,5,5,5,5,5,5,5,5,True,False,False,False
89,59,1,2,1,1,4,4,4,4,4,4,4,4,4,4,4,4,4,4,4,4,4,4,4,4,True,False,False,True
90,132,2,2,1,1,4,4,4,3,3,4,4,4,4,4,4,3,3,3,4,4,4,3,3,3,False,False,False,False
91,53,2,2,1,1,4,4,4,4,4,4,4,4,4,4,4,4,4,4,4,4,4,4,4,4,True,False,False,True
92,71,1,2,1,1,2,4,4,4,4,4,4,4,4,4,4,4,4,4,4,4,4,4,4,4,False,False,False,False
93,60,2,2,1,1,4,4,4,4,4,4,4,4,4,4,3,4,4,4,4,4,4,4,4,4,False,False,False,False
94,77,1,1,1,1,4,4,4,4,4,4,4,4,4,4,4,4,4,4,4,4,4,4,4,3,False,False,False,False
95,95,2,2,1,1,4,4,4,4,4,4,4,4,4,4,4,4,4,4,4,4,4,4,4,4,True,False,False,False
96,96,2,1,1,1,4,4,4,5,3,4,3,3,3,3,4,4,3,4,3,4,4,4,3,3,False,False,False,False
97,71,2,2,1,1,4,4,4,4,4,4,4,4,4,5,4,3,5,5,4,4,4,4,4,4,False,False,False,False
98,95,2,2,1,1,5,5,5,5,5,5,5,5,5,5,4,4,4,4,4,4,4,4,4,4,False,False,False,False
99,113,2,2,1,1,4,4,4,4,4,4,4,4,4,4,4,4,4,4,4,4,4,4,4,4,True,False,False,False
100,113,2,2,1,1,4,4,4,5,4,4,4,4,4,5,4,4,3,4,4,4,4,4,4,4,False,False,False,False
101,217,2,1,1,1,5,5,5,5,5,5,5,5,5,5,5,5,5,5,5,5,5,5,4,4,False,False,False,False
102,64,2,2,1,1,5,5,5,5,5,5,5,5,5,5,5,4,4,4,4,4,4,4,4,4,False,False,False,False
103,117,2,1,1,1,3,3,3,3,4,3,3,3,4,4,4,4,5,5,4,5,5,5,5,5,False,False,False,False
104,136,2,2,1,1,4,5,5,4,4,4,4,4,4,4,4,3,4,4,4,4,4,4,4,4,False,False,False,False
105,38,2,2,1,1,5,5,5,5,5,5,5,5,5,5,5,5,5,5,5,5,5,5,5,5,True,True,True,False
106,111,2,2,1,1,3,3,3,3,3,3,3,3,3,3,3,3,3,3,3,3,3,3,3,3,True,False,False,False
107,44,2,2,1,1,3,3,3,3,3,3,3,3,3,3,3,3,3,3,3,3,3,3,3,3,True,True,True,False
108,65,2,1,1,1,5,5,5,5,5,5,5,5,5,5,4,3,3,3,4,4,4,4,4,4,False,False,False,False
109,167,2,2,1,1,3,4,4,4,4,4,4,4,4,3,3,3,3,4,2,3,3,3,4,3,False,False,False,False
110,134,2,2,1,1,4,5,5,4,3,5,4,5,3,3,4,4,4,4,4,3,3,3,3,3,False,False,False,False
111,170,2,2,1,1,4,4,4,4,4,4,4,4,4,3,3,4,4,4,4,3,3,3,3,3,False,False,False,False
112,168,2,2,1,1,5,5,5,5,5,5,5,5,5,5,5,3,3,5,5,5,5,5,5,5,False,False,False,False
113,171,2,2,1,1,4,5,5,4,5,5,5,5,4,4,4,4,4,4,4,4,5,4,4,4,False,False,False,False
114,185,2,2,1,1,4,4,4,4,4,4,4,4,4,4,4,4,4,3,3,3,4,3,3,3,False,False,False,False
115,111,2,2,1,1,5,5,5,5,5,5,5,5,5,5,5,5,5,5,5,5,5,5,5,5,True,False,False,False
116,77,1,2,1,1,3,5,5,4,4,4,5,5,5,5,5,5,5,5,5,5,4,5,5,5,False,False,False,False
117,59,2,2,1,1,4,4,4,4,4,4,4,4,4,4,4,4,4,4,4,4,4,4,4,4,True,False,False,False
118,80,1,2,1,1,5,5,5,5,5,5,5,5,5,5,5,5,5,5,5,5,5,5,5,5,True,False,False,False
119,134,2,2,1,1,4,4,4,4,4,4,4,4,4,4,4,4,4,4,4,4,4,4,4,4,True,False,False,False
120,93,2,2,1,1,4,4,4,4,4,4,4,4,4,3,3,3,3,4,4,3,3,4,3,3,False,False,False,False
121,96,2,2,1,1,4,4,3,4,4,4,4,4,4,4,4,4,4,4,4,4,4,4,4,4,False,False,False,False
122,90,2,2,1,1,4,5,5,5,5,5,5,5,5,5,5,5,5,5,5,5,5,5,5,5,False,False,False,False
123,96,2,2,1,1,5,5,5,5,5,5,5,5,5,5,5,5,5,5,5,5,5,5,5,5,True,False,False,False
124,92,2,2,1,1,5,5,5,5,5,5,5,5,5,5,5,3,4,3,4,3,4,3,3,4,False,False,False,False
125,145,2,1,1,1,4,4,5,4,3,5,4,4,4,4,4,3,4,4,4,4,4,4,4,4,False,False,False,False
126,98,2,2,1,1,5,5,5,5,5,5,5,5,5,5,5,5,5,5,5,5,5,5,5,5,True,False,False,False
127,117,2,2,1,1,4,4,4,5,4,3,3,4,4,4,3,3,3,3,3,3,3,3,3,3,False,False,False,False
128,86,1,2,1,1,4,4,4,4,4,4,4,4,4,4,5,5,5,4,4,5,4,5,5,5,False,False,False,False
129,65,2,2,1,1,5,5,5,5,5,5,5,5,5,5,5,5,5,5,5,5,5,5,5,5,True,False,False,True
130,38,1,2,1,1,5,5,5,5,5,5,5,5,5,5,5,5,5,5,5,5,5,5,5,5,True,True,True,False
131,27,1,2,1,1,4,4,4,4,4,4,4,4,4,4,4,4,4,4,4,4,4,4,4,4,True,True,True,False
132,113,2,2,1,1,4,5,5,4,4,5,5,5,5,5,4,5,3,3,4,4,3,4,3,4,False,False,False,False
133,161,2,2,1,1,4,4,4,4,4,5,4,4,4,4,4,3,4,4,4,4,4,4,4,4,False,False,False,False
134,32,2,1,1,1,3,3,3,3,3,3,3,3,5,5,5,5,5,5,5,5,5,5,5,5,False,True,False,False
135,127,2,2,1,1,4,4,4,4,4,4,4,4,4,4,4,4,4,4,4,4,4,3,3,3,False,False,False,False
136,52,1,2,1,1,4,5,4,4,4,5,4,5,4,5,4,5,5,5,4,4,5,5,4,4,False,False,False,False
137,79,2,2,1,1,5,5,5,5,5,5,5,5,5,5,5,5,5,5,5,5,5,5,5,5,True,False,False,False
138,115,2,2,1,1,5,5,5,5,5,5,5,5,5,5,5,5,5,3,5,5,4,5,5,5,False,False,False,False
139,143,2,2,1,1,4,5,4,4,4,4,4,4,3,3,3,3,4,4,3,4,4,4,4,4,False,False,False,False
140,128,2,2,1,1,4,4,4,4,4,4,4,4,4,4,4,4,4,4,4,4,4,4,4,4,True,False,False,False
141,106,2,2,1,1,1,2,4,5,3,5,4,4,2,3,3,3,3,3,3,3,3,3,3,3,False,False,False,False
142,105,2,2,1,1,4,4,4,4,3,4,3,4,3,4,4,3,4,3,4,4,4,4,4,4,False,False,False,False
143,165,2,2,1,1,4,5,5,4,5,5,5,5,5,4,3,4,4,5,5,5,5,5,5,4,False,False,False,False
144,167,2,2,1,1,4,5,5,5,4,5,4,5,3,3,3,2,2,3,4,4,4,4,5,3,False,False,False,False
145,127,2,2,1,1,3,3,5,4,3,4,4,4,4,4,4,4,4,4,4,4,4,4,4,4,False,False,False,False
146,64,1,2,1,1,3,1,1,4,5,1,3,1,5,5,5,5,5,5,5,5,5,5,5,5,False,False,False,False
147,81,2,3,1,1,5,5,5,5,3,4,4,5,4,4,4,4,4,4,4,4,4,5,4,4,False,False,False,False
148,183,2,2,1,1,3,3,4,4,2,3,4,4,1,3,2,2,3,3,3,3,2,2,3,3,False,False,False,False
149,243,2,1,1,1,4,4,5,4,4,3,4,3,4,4,4,3,3,2,2,3,2,3,3,3,False,False,False,False
150,268,1,2,1,1,4,3,3,4,3,3,4,4,4,4,4,4,4,4,3,4,4,4,4,4,False,False,False,False
151,134,2,2,1,1,4,3,4,4,4,4,4,4,4,4,4,4,4,4,4,4,4,4,4,4,False,False,False,False
152,198,2,2,1,1,4,4,4,4,3,3,5,5,3,3,2,2,4,2,2,3,3,2,2,2,False,False,False,False
153,245,2,2,1,1,5,5,5,5,5,5,5,5,3,2,2,2,2,4,3,4,4,4,4,2,False,False,False,False
154,244,2,2,1,1,4,4,4,4,4,4,4,4,4,4,4,4,4,4,4,4,4,4,4,4,True,False,False,False
155,148,2,2,1,1,4,3,4,5,2,3,4,3,3,2,4,2,4,3,4,4,4,4,4,3,False,False,False,False
156,324,1,2,1,1,4,4,4,4,4,4,4,4,4,4,4,3,3,4,4,4,4,4,2,4,False,False,False,False
157,378,2,2,1,1,4,4,5,5,4,5,3,4,4,4,4,2,2,2,3,4,4,4,4,4,False,False,False,False
158,124,2,1,1,1,4,4,4,4,4,4,5,5,5,4,4,5,5,4,5,4,5,4,4,4,False,False,False,False
159,55,2,2,1,1,4,4,4,5,5,4,5,5,5,5,5,4,4,5,4,5,4,5,4,5,False,False,False,False
160,108,2,2,1,1,5,5,5,5,5,5,5,5,5,5,5,5,5,5,5,5,5,5,5,5,True,False,False,False
161,46,2,2,1,1,4,4,4,4,4,4,4,4,4,4,4,4,4,4,4,4,4,4,4,4,True,True,True,True
162,70,2,2,1,1,3,2,3,4,4,4,4,4,4,4,4,4,4,4,3,4,4,3,3,4,False,False,False,False
163,85,2,2,1,1,4,5,5,5,5,5,5,5,4,4,5,5,5,5,3,5,5,5,5,5,False,False,False,False
164,124,2,1,1,2,4,4,4,4,4,4,4,4,4,4,4,4,4,4,4,4,4,4,4,4,True,False,False,False
165,78,2,1,1,1,4,5,5,5,5,5,5,5,5,5,5,5,5,5,5,5,5,5,5,5,False,False,False,False
166,86,2,1,1,1,4,4,4,4,4,5,5,5,4,4,4,3,3,4,4,4,4,4,5,4,False,False,False,False
167,114,2,1,1,1,4,4,4,4,3,4,4,4,3,4,4,4,4,4,4,3,4,3,4,4,False,False,False,False
168,71,1,2,1,1,4,4,5,5,5,5,5,5,5,5,5,5,5,5,5,5,4,4,5,4,False,False,False,False
169,91,2,2,1,1,5,5,5,5,5,5,5,5,5,5,5,5,5,5,5,5,5,5,5,5,True,False,False,False
170,92,2,1,1,2,4,4,4,5,5,3,4,4,3,3,3,3,4,3,3,3,3,3,3,3,False,False,False,False
171,81,2,1,1,1,5,5,5,5,5,5,5,5,5,5,5,5,5,5,5,5,5,5,5,5,True,False,False,False
172,77,2,1,1,1,4,4,5,5,3,3,3,5,5,5,3,3,2,2,3,3,3,3,3,3,False,False,False,False
173,104,2,2,1,2,4,3,4,3,2,3,4,4,4,4,4,3,4,3,2,4,3,4,4,4,False,False,False,False
174,247,1,2,1,1,4,4,4,3,3,4,4,4,4,4,4,4,4,3,3,3,3,4,4,4,False,False,False,False
175,106,1,2,1,2,4,5,3,4,4,4,4,4,4,4,4,4,4,4,4,4,4,4,4,4,False,False,False,False
176,118,2,2,1,2,5,5,5,5,5,5,5,5,5,5,5,5,5,5,5,5,5,5,5,5,True,False,False,False
177,132,2,2,1,2,5,5,5,5,5,5,5,5,5,5,5,5,5,5,5,5,5,5,5,5,True,False,False,False
178,151,2,2,1,2,4,4,4,4,4,4,4,4,4,4,4,4,4,4,4,4,4,4,4,4,True,False,False,False
179,147,2,2,1,2,4,3,5,4,5,4,5,4,3,4,5,4,4,4,4,4,4,4,4,4,False,False,False,False
180,296,1,2,1,1,4,3,3,1,1,1,1,5,4,4,4,4,4,5,5,5,5,5,5,4,False,False,False,False
181,131,2,2,1,1,5,5,5,5,5,5,5,5,4,4,4,5,5,5,5,5,5,5,5,5,False,False,False,False
182,117,2,2,1,2,4,4,4,4,4,4,4,4,4,4,4,4,4,4,4,4,4,4,4,4,True,False,False,False
183,132,2,2,1,2,4,4,4,4,4,4,4,4,4,4,3,3,4,4,4,3,4,3,4,4,False,False,False,False
184,119,2,2,1,1,4,4,4,5,4,4,4,4,4,4,4,2,4,3,4,3,3,2,3,4,False,False,False,False
185,43,1,2,1,1,5,5,5,5,5,5,5,5,5,5,5,5,5,5,5,5,5,5,5,5,True,True,True,False
186,66,2,2,1,2,2,3,4,4,4,4,5,5,4,4,4,4,4,4,4,4,4,4,4,4,False,False,False,False
187,70,1,1,1,2,5,5,5,3,5,5,2,4,4,5,5,5,5,5,5,5,5,5,5,5,False,False,False,False
188,229,2,2,1,1,4,4,4,4,4,4,4,4,4,3,4,3,3,3,4,4,4,5,5,4,False,False,False,False
189,104,2,2,1,2,4,5,5,5,4,5,5,5,4,4,4,3,4,4,4,4,4,4,4,3,False,False,False,False
190,88,2,2,1,2,4,4,4,4,3,4,5,5,4,4,3,3,3,3,3,3,4,4,4,3,False,False,False,False
191,222,2,1,1,2,5,3,4,5,5,3,4,4,3,2,3,4,2,2,3,4,4,4,5,5,False,False,False,False
192,106,2,2,1,2,4,5,3,4,4,2,4,4,4,4,5,4,4,4,4,5,5,5,5,5,False,False,False,False
193,41,2,1,1,1,4,4,5,5,5,5,5,5,5,5,5,4,4,4,4,4,4,3,3,2,False,True,False,False
194,81,2,1,1,2,2,4,4,4,5,5,5,4,4,5,5,5,5,5,5,5,5,5,5,5,False,False,False,False
195,74,1,2,1,2,4,4,4,4,4,4,4,4,4,4,4,4,4,4,4,4,4,4,4,4,True,False,False,False
196,58,2,2,1,3,5,5,5,5,5,5,5,5,5,5,5,5,5,5,5,5,5,5,5,5,True,False,False,False
197,171,2,2,1,2,5,5,5,5,5,5,5,5,5,5,5,5,5,5,5,5,5,5,5,5,True,False,False,False
198,108,1,2,1,2,4,4,4,4,4,4,4,4,4,4,4,4,4,4,4,4,4,4,4,4,True,False,False,False
199,46,2,2,1,3,5,5,5,5,5,5,5,5,5,5,5,5,5,5,5,5,5,5,5,5,True,True,True,False
200,173,2,2,1,1,4,4,4,4,4,4,4,4,3,4,4,4,3,4,4,4,4,5,5,5,False,False,False,False
201,230,2,2,1,2,4,4,4,4,3,4,4,4,3,3,3,3,3,3,4,3,4,4,3,3,False,False,False,False
202,71,1,2,1,1,4,4,4,4,4,4,4,4,4,3,3,3,4,3,3,3,3,3,3,3,False,False,False,False
203,141,2,2,1,2,5,5,5,5,5,5,5,5,5,5,5,5,5,5,5,5,5,5,5,5,True,False,False,False
204,141,2,1,1,2,4,4,5,4,4,4,4,5,4,4,4,4,4,4,4,4,4,4,4,4,False,False,False,False
205,80,1,2,1,2,3,4,4,4,4,4,4,4,3,3,3,3,3,3,3,3,3,3,3,3,False,False,False,False
206,261,2,2,1,2,2,1,2,3,1,4,1,4,4,4,4,4,3,3,1,4,5,4,2,4,False,False,False,False
207,222,2,2,1,2,5,5,5,5,4,5,5,5,4,4,5,5,5,5,5,4,5,5,4,3,False,False,False,False
208,115,2,3,1,1,4,4,5,4,4,4,4,4,4,4,4,2,3,4,4,4,4,4,4,4,False,False,False,False
209,86,2,2,1,2,4,4,4,3,3,4,3,4,3,2,3,5,5,4,3,3,3,3,3,3,False,False,False,False
210,67,2,2,1,1,3,4,4,3,3,4,4,4,4,3,3,2,3,3,2,3,3,3,3,3,False,False,False,False
211,191,2,2,1,2,2,4,4,4,2,3,4,4,4,3,3,3,4,3,3,3,3,4,4,4,False,False,False,False
212,249,1,2,1,2,4,4,4,4,4,3,3,4,5,5,4,4,3,4,4,4,4,4,4,3,False,False,False,False
213,48,1,2,1,2,5,5,5,5,5,5,4,3,3,4,2,3,2,2,1,1,1,3,2,3,False,True,False,False
214,151,2,2,1,2,4,5,5,5,5,5,4,4,5,4,4,4,5,5,4,4,4,5,5,3,False,False,False,False
215,395,1,2,1,2,5,5,5,5,5,5,5,5,5,5,5,4,4,4,4,4,4,3,3,3,False,False,False,False
216,109,2,1,1,1,4,5,5,3,5,5,5,5,4,4,4,2,2,2,4,4,4,4,3,4,False,False,False,False
217,162,1,2,1,2,2,4,4,2,4,4,4,4,3,3,4,3,3,3,4,3,2,2,2,3,False,False,False,False
218,97,1,2,1,2,4,4,4,4,4,4,4,4,4,4,4,4,4,4,4,4,4,4,4,4,True,False,False,False
219,168,2,1,1,1,5,5,3,4,4,3,4,4,5,5,5,5,5,4,4,4,4,4,4,4,False,False,False,False
220,85,2,1,1,1,4,4,5,4,4,5,4,5,4,4,4,4,4,4,4,4,4,4,4,4,False,False,False,False
221,487,2,2,1,2,3,4,4,4,4,4,4,4,4,4,4,4,4,4,4,4,4,4,4,4,False,False,False,False
222,85,2,2,1,1,4,4,4,4,4,4,4,4,4,4,4,3,3,3,3,4,3,3,3,3,False,False,False,False
223,141,2,2,1,1,3,3,3,4,3,4,4,3,3,3,3,3,3,3,3,3,3,3,3,3,False,False,False,False
224,153,2,2,1,1,4,4,5,3,2,4,3,3,3,3,3,4,4,3,3,4,5,4,4,4,False,False,False,False
225,226,2,2,1,1,4,3,2,3,3,3,3,3,3,3,3,3,3,3,3,3,3,3,3,3,False,False,False,False
226,453,2,2,1,1,3,4,3,4,1,4,4,3,3,4,3,4,4,3,4,4,3,4,4,3,False,False,False,False
227,68,2,2,1,1,3,3,3,3,3,3,3,3,3,3,3,3,3,3,5,3,3,3,3,3,False,False,False,False
228,61,2,2,1,2,4,4,4,4,4,4,4,4,3,3,4,4,4,3,4,4,4,4,4,4,False,False,False,False
229,186,2,2,1,2,4,4,4,2,4,4,4,4,4,4,4,4,4,2,4,4,4,4,2,2,False,False,False,False
230,119,2,2,1,2,4,3,3,4,4,4,3,3,4,4,4,4,4,4,3,4,4,4,4,4,False,False,False,False
231,95,2,2,1,2,5,5,5,4,4,5,5,5,4,4,4,5,5,5,5,4,4,5,5,4,False,False,False,False
232,104,2,2,1,2,3,5,5,3,3,4,4,5,4,4,3,4,4,4,4,4,4,3,3,3,False,False,False,False
233,56,1,2,1,2,3,3,3,4,3,3,3,3,3,3,3,1,3,3,3,3,3,3,3,3,False,False,False,False
234,326,2,1,1,2,4,5,5,4,4,5,5,5,5,5,4,4,5,5,5,5,5,5,4,4,False,False,False,False
235,109,2,2,1,2,4,3,3,4,2,3,4,3,4,4,4,4,3,3,3,4,3,4,4,4,False,False,False,False
236,171,2,1,1,1,4,4,4,4,4,4,4,4,4,4,5,4,4,4,4,4,4,4,4,4,False,False,False,False
237,61,2,2,1,2,4,4,4,4,4,4,4,4,4,4,4,4,4,4,4,4,4,4,4,4,True,False,False,False
238,76,2,2,1,1,3,3,3,3,3,3,3,3,3,3,3,3,3,3,3,3,3,4,3,4,False,False,False,False
239,147,2,2,1,2,4,3,3,4,2,4,4,4,4,4,4,2,2,4,4,4,4,4,3,3,False,False,False,False
240,106,2,2,1,2,4,4,4,4,3,4,4,4,4,3,4,3,4,3,3,4,4,4,4,4,False,False,False,False
241,87,2,2,1,1,4,4,5,5,4,5,5,5,4,5,5,2,4,4,3,4,4,4,4,4,False,False,False,False
242,109,2,1,1,2,4,3,3,4,3,4,3,3,4,4,4,4,5,4,4,4,4,4,4,4,False,False,False,False
243,193,2,2,1,2,3,4,4,4,3,4,4,4,3,3,3,2,4,4,3,3,3,4,3,3,False,False,False,False
244,356,2,2,1,1,4,4,4,2,3,4,5,4,5,4,5,5,5,5,2,5,5,4,4,3,False,False,False,False
245,137,2,2,1,2,3,4,4,3,3,3,3,5,4,2,4,4,5,5,3,3,5,5,5,3,False,False,False,False
246,150,2,2,1,1,2,3,3,4,3,3,4,3,5,4,3,3,4,3,3,4,4,3,4,4,False,False,False,False
247,62,2,2,1,2,4,4,4,4,5,4,4,4,4,4,4,4,4,4,4,4,4,4,4,4,False,False,False,False
248,300,2,2,1,2,4,5,5,5,5,5,5,5,5,5,5,5,5,5,5,5,5,5,5,5,False,False,False,False
249,50,2,1,1,2,4,4,5,5,5,5,5,5,4,5,5,5,5,4,5,5,5,5,5,5,False,False,False,False
250,52,2,2,1,2,3,3,3,3,3,3,3,3,4,4,4,4,4,4,4,4,4,4,4,4,False,False,False,False
251,59,1,2,1,2,4,4,5,5,5,5,5,5,5,5,5,5,4,3,2,4,4,4,5,5,False,False,False,False
252,73,2,1,1,2,5,5,5,5,5,5,5,5,5,5,5,5,5,5,5,5,5,5,5,5,True,False,False,False
253,64,2,2,1,1,4,4,5,5,5,5,5,5,5,5,5,5,5,5,5,5,5,5,5,5,False,False,False,False
254,83,2,2,1,1,4,4,4,4,5,4,4,5,5,5,5,5,5,5,5,5,5,5,5,5,False,False,False,False
255,81,2,2,1,1,4,4,4,4,4,4,4,4,4,4,4,4,4,4,4,4,4,4,4,4,True,False,False,False
256,73,2,2,1,2,5,5,5,5,4,5,5,5,4,4,5,4,5,4,4,4,5,4,5,4,False,False,False,False
257,97,2,1,1,1,5,5,5,5,4,5,4,4,4,4,4,4,4,4,4,4,4,4,4,4,False,False,False,False
258,95,2,2,1,2,3,3,5,4,5,5,5,5,3,3,3,3,3,4,3,3,3,3,3,3,False,False,False,False
259,61,2,2,1,2,4,4,4,4,5,5,5,5,5,5,5,5,5,5,5,5,5,5,5,5,False,False,False,False
260,107,2,2,1,2,5,5,5,5,5,5,5,5,5,5,5,5,5,5,5,5,5,5,5,5,True,False,False,False
261,51,2,2,1,2,4,4,4,4,4,4,4,4,4,4,4,4,4,4,4,4,4,4,4,4,True,False,False,False
262,112,2,2,1,2,4,4,3,3,3,3,4,3,3,4,3,2,2,3,4,3,3,4,3,3,False,False,False,False
263,103,2,2,1,2,4,4,4,4,4,4,4,4,3,3,3,3,3,3,4,4,4,4,4,4,False,False,False,False
264,69,2,2,1,2,4,5,5,4,4,5,5,5,5,5,5,5,5,5,5,5,5,5,5,5,False,False,False,False
265,121,2,2,1,2,1,5,5,5,5,5,5,5,5,5,5,5,5,5,5,5,5,5,5,5,False,False,False,False
266,72,2,2,1,2,4,5,5,4,3,5,5,5,3,3,3,4,4,3,3,3,4,4,4,4,False,False,False,False
267,125,2,1,1,1,3,3,3,3,3,3,3,3,3,3,3,3,3,3,5,5,5,4,4,4,False,False,False,False
268,122,2,2,1,1,5,5,5,5,4,4,4,4,5,5,4,4,4,3,4,4,4,4,4,4,False,False,False,False
269,106,2,2,1,2,4,4,4,4,4,4,4,4,4,4,4,4,4,4,4,4,4,4,4,4,True,False,False,False
270,141,2,1,1,2,4,3,3,5,2,3,4,2,4,5,5,3,3,3,4,4,4,4,4,3,False,False,False,False
271,127,2,1,1,2,3,3,3,4,2,3,4,3,2,1,1,1,1,1,2,1,1,1,2,2,False,False,False,False
272,60,2,2,1,2,4,4,3,4,3,4,4,4,4,3,4,2,2,4,4,4,4,3,3,3,False,False,False,False
273,62,2,2,1,2,4,4,4,4,4,4,4,5,5,5,5,5,5,5,5,5,5,4,4,4,False,False,False,False
274,61,2,2,1,1,4,3,3,4,4,3,5,3,5,5,3,3,3,3,4,4,4,4,4,4,False,False,False,False
275,85,1,2,1,2,4,4,4,4,4,5,5,5,5,5,5,4,4,4,4,4,4,4,4,4,False,False,False,False
276,153,2,2,1,2,4,3,3,5,5,3,5,3,3,3,4,3,3,3,3,3,3,4,4,5,False,False,False,True
277,153,2,2,1,2,4,3,3,5,5,3,5,3,3,3,4,3,3,3,3,3,3,4,4,5,False,False,False,True
278,148,1,2,1,2,4,4,4,4,4,4,4,4,4,5,5,4,4,5,3,4,4,4,4,4,False,False,False,False
279,87,2,2,1,1,5,5,5,5,4,4,5,4,5,5,5,4,5,5,5,5,3,5,5,5,False,False,False,False
280,102,2,2,1,2,2,4,5,5,5,5,4,5,4,4,5,4,4,4,4,4,4,4,4,4,False,False,False,False
281,173,2,2,1,2,4,4,4,4,4,4,4,4,4,4,4,3,3,4,4,4,4,4,4,3,False,False,False,False
282,208,2,2,1,2,4,4,4,4,4,4,4,4,4,4,4,4,4,4,3,3,3,4,4,4,False,False,False,False
283,113,2,2,1,2,5,4,5,5,5,5,2,4,5,5,5,5,5,5,5,5,5,5,5,5,False,False,False,False
284,200,1,2,1,2,5,4,4,4,4,4,4,4,4,3,4,3,4,4,4,4,4,4,5,4,False,False,False,False
285,205,2,2,1,2,4,4,4,4,3,3,4,4,4,4,4,4,4,4,4,4,4,4,4,4,False,False,False,False
286,139,2,2,1,1,4,5,4,4,4,4,4,4,4,4,4,4,4,4,4,4,4,4,4,4,False,False,False,False
287,171,1,2,1,2,1,4,4,5,5,5,3,5,5,5,5,2,2,4,4,5,4,4,4,3,False,False,False,False
288,134,1,2,1,2,4,2,2,5,3,2,3,3,4,4,3,3,3,4,4,5,5,4,4,4,False,False,False,False
289,276,2,1,1,2,3,3,4,2,4,4,4,3,3,3,4,3,3,3,4,4,4,4,4,4,False,False,False,False
290,70,2,2,1,1,5,5,5,5,4,5,5,5,5,5,5,5,5,5,5,5,5,5,5,5,False,False,False,False
291,419,2,1,1,2,4,4,4,4,4,4,4,4,4,3,4,4,4,4,4,4,4,4,3,3,False,False,False,False
292,120,2,2,1,1,5,5,5,5,5,5,5,5,5,5,5,5,5,5,5,5,5,5,5,5,True,False,False,False
293,3249,1,2,1,2,5,5,5,5,5,5,5,5,5,5,5,5,4,4,4,5,5,5,5,5,False,False,False,False
294,91,2,2,1,2,4,4,4,4,5,4,4,4,4,4,4,4,4,4,4,4,4,4,4,4,False,False,False,False
295,82,2,2,1,2,5,5,5,5,5,5,5,5,5,5,5,4,4,3,5,4,5,3,3,5,False,False,False,False
296,96,2,2,1,1,3,4,4,3,3,4,4,4,3,3,3,3,4,4,3,3,3,3,3,4,False,False,False,False
297,99,2,1,1,2,3,4,3,4,4,3,4,4,3,3,3,3,3,4,4,3,3,4,4,4,False,False,False,False
298,68,2,2,1,2,4,4,4,4,4,4,4,4,4,4,4,4,4,4,4,4,4,4,4,4,True,False,False,False
299,57,1,2,1,1,1,1,1,5,1,1,5,3,3,3,3,3,3,3,3,3,3,3,3,3,False,False,False,False
300,53,2,2,1,1,5,5,5,5,5,5,5,5,5,5,5,5,5,5,5,5,5,5,5,5,True,False,False,False
301,53,1,2,1,1,5,5,5,5,5,5,5,5,5,5,5,5,5,5,5,5,5,5,5,5,True,False,False,False
302,59,1,2,1,1,4,4,4,4,4,4,4,4,4,4,4,4,4,4,4,4,4,4,4,4,True,False,False,True
303,91,1,2,1,2,4,4,4,4,4,4,4,4,4,4,4,4,4,4,4,4,4,4,4,4,True,False,False,False
304,90,1,2,1,2,5,5,5,5,5,5,5,5,5,5,5,4,5,5,5,5,5,5,5,5,False,False,False,False
305,3779,1,3,1,1,4,4,4,5,5,5,4,4,5,5,5,5,5,5,5,5,5,5,5,5,False,False,False,False
306,188,2,2,1,2,4,4,4,4,4,4,4,4,4,4,4,3,4,4,4,4,4,5,4,4,False,False,False,False
307,76,1,1,1,2,4,4,4,4,4,5,5,5,5,5,5,3,3,4,4,4,4,4,4,4,False,False,False,False
308,32,1,2,1,2,5,5,5,5,5,5,5,5,5,5,5,5,5,5,5,5,5,5,5,5,True,True,True,False
309,164,2,2,1,2,2,4,4,3,3,4,4,5,3,4,4,4,4,4,4,4,4,4,4,4,False,False,False,False
310,226,1,2,1,2,3,3,3,3,3,3,3,3,3,3,3,3,3,3,3,3,3,3,3,3,True,False,False,False
311,127,2,2,1,2,4,4,4,4,4,5,5,5,4,4,2,2,2,4,4,4,4,4,4,4,False,False,False,False
312,67,2,2,1,1,3,3,3,2,5,5,4,4,5,5,5,3,3,3,3,4,4,4,4,4,False,False,False,False
313,134,1,2,1,2,5,1,1,4,3,1,1,4,4,5,5,2,2,2,5,4,5,5,5,5,False,False,False,False
314,74,1,2,1,2,3,3,2,4,3,4,3,3,4,4,3,3,3,3,3,3,3,3,3,4,False,False,False,False
315,105,2,1,1,2,4,4,4,4,4,4,4,4,3,4,4,3,4,4,4,4,4,4,4,3,False,False,False,False
316,71,1,2,1,2,4,4,5,5,4,4,4,4,4,5,4,3,4,4,5,5,5,3,4,4,False,False,False,False
317,113,1,2,1,2,4,5,5,5,5,5,5,5,5,5,5,5,5,5,5,5,5,5,5,5,False,False,False,False
318,334,2,2,1,2,2,3,5,4,2,3,5,4,4,4,4,5,5,4,5,4,2,3,4,4,False,False,False,False
319,71,1,2,1,2,5,5,5,5,5,5,5,5,5,5,5,3,3,4,5,5,5,5,3,3,False,False,False,False
320,1398,2,2,1,1,4,3,4,4,3,4,3,4,4,4,3,4,4,4,4,4,4,4,4,4,False,False,False,False
321,57,1,2,1,2,2,4,4,4,4,4,4,4,4,4,4,4,4,4,4,4,2,2,2,2,False,False,False,False
322,82,2,2,1,2,4,4,4,4,4,4,4,4,4,4,3,3,3,4,4,4,4,4,4,4,False,False,False,False
323,57,2,1,1,1,5,5,5,5,5,5,5,5,5,4,3,4,3,4,3,5,5,5,5,5,False,False,False,False
324,109,1,2,1,2,5,4,4,5,4,4,4,4,4,4,4,4,4,4,3,4,4,4,4,4,False,False,False,False
325,89,2,2,1,1,3,3,3,2,2,3,4,2,2,2,2,1,2,1,1,2,2,4,4,4,False,False,False,False
326,241,1,2,1,2,4,4,4,4,4,4,4,4,3,4,4,3,2,4,4,3,4,4,4,4,False,False,False,False
327,59,2,3,4,1,4,4,4,4,4,4,4,4,4,4,4,4,4,4,4,4,4,4,4,4,True,False,False,False
328,196,1,1,1,2,3,4,3,2,3,3,4,3,4,4,4,4,4,4,4,4,4,4,4,4,False,False,False,False
329,71,2,2,1,2,4,4,5,4,4,4,4,4,5,5,5,5,5,5,5,5,5,5,5,5,False,False,False,False
330,65,2,2,1,1,5,5,5,5,5,5,5,5,5,5,5,5,5,5,5,5,5,5,5,5,True,False,False,True
331,117,2,3,4,1,4,4,3,5,4,3,4,4,4,4,3,2,2,4,4,4,4,4,4,4,False,False,False,False
332,56,2,2,1,1,4,5,5,5,5,5,5,5,5,5,5,5,5,5,5,5,5,5,5,5,False,False,False,False
333,37,2,2,1,1,2,2,3,3,3,3,4,4,2,1,1,1,1,1,1,1,1,4,5,5,False,True,False,False
334,107,1,2,1,2,2,3,3,4,3,4,4,4,4,4,3,4,4,4,4,4,4,5,5,5,False,False,False,False
335,183,2,2,1,2,3,3,3,3,3,3,4,3,3,3,3,3,3,3,3,3,3,3,3,3,False,False,False,False
336,73,1,2,1,2,2,2,2,2,2,2,2,2,5,5,5,4,4,4,4,4,4,5,5,5,False,False,False,False
337,100,2,1,1,2,5,5,5,5,3,5,5,5,3,3,4,2,3,3,3,3,3,2,4,3,False,False,False,False
338,80,2,1,1,1,4,4,4,4,4,4,4,4,3,3,4,3,3,4,4,3,4,3,3,3,False,False,False,False
339,47,2,2,1,1,4,5,5,5,5,5,5,5,5,5,5,5,2,2,3,2,5,5,5,5,False,True,False,False
340,118,2,2,1,2,3,3,3,4,3,3,3,3,3,4,3,3,3,3,3,4,3,3,3,3,False,False,False,False
341,71,2,1,1,2,3,4,3,4,4,4,5,4,2,2,2,2,2,2,1,2,2,2,2,2,False,False,False,False
342,59,2,1,1,2,5,5,5,5,5,5,5,5,5,5,5,5,5,3,4,4,4,4,4,4,False,False,False,False
343,68,2,2,1,1,2,1,1,5,4,1,4,1,3,4,2,1,1,1,1,1,1,1,1,1,False,False,False,False
344,74,2,2,1,2,3,3,5,5,3,5,3,5,3,3,3,3,3,3,3,3,3,3,3,3,False,False,False,False
345,79,1,2,1,1,4,4,4,4,4,4,4,4,4,4,3,4,4,4,3,3,3,3,3,3,False,False,False,False
346,89,2,2,1,2,3,3,5,4,4,5,4,5,3,3,3,3,3,3,3,4,2,3,3,3,False,False,False,False
347,63,2,2,1,2,5,5,5,5,5,5,5,5,5,5,5,4,5,5,5,5,5,5,5,5,False,False,False,False
348,85,1,2,1,2,4,4,4,4,4,4,4,4,4,4,4,4,4,4,4,4,4,4,4,4,True,False,False,False
349,107,1,2,1,2,4,5,5,3,4,5,5,5,4,3,4,2,3,3,3,4,4,4,3,1,False,False,False,False
350,146,1,2,1,2,4,5,5,3,4,5,5,5,4,3,4,2,3,3,3,4,4,4,3,1,False,False,False,False
351,104,2,2,1,1,4,4,4,4,4,4,4,4,4,3,3,3,3,4,3,4,4,4,3,3,False,False,False,False
352,108,2,2,1,2,5,4,4,4,3,3,4,5,4,3,3,2,5,5,3,3,4,3,3,3,False,False,False,False
353,42,2,1,1,2,5,5,5,5,5,5,5,5,5,5,5,5,5,5,5,5,5,5,5,5,True,True,True,False
354,71,1,2,1,1,5,5,5,4,4,4,4,4,4,4,4,4,4,4,4,4,4,4,4,4,False,False,False,False
355,41,2,1,1,1,3,3,3,3,3,3,3,3,5,5,5,5,5,5,5,5,5,5,5,4,False,True,False,False
356,71,2,2,1,2,4,4,4,4,4,4,4,4,4,4,4,4,4,4,4,4,4,4,4,4,True,False,False,False
357,140,2,2,1,2,2,4,4,4,3,4,4,4,3,3,3,3,3,3,2,3,3,2,2,1,False,False,False,False
358,301,1,2,1,1,4,3,4,3,3,5,5,5,1,1,1,1,1,1,1,1,1,1,3,4,False,False,False,False
359,72,2,3,3,1,4,4,5,5,5,5,5,5,5,4,5,5,5,3,5,5,5,5,5,5,False,False,False,False
360,113,2,2,1,1,4,4,4,4,4,4,4,4,4,4,4,2,2,4,5,4,4,4,4,4,False,False,False,False
361,62,2,2,1,1,3,4,4,4,4,4,4,4,4,4,4,4,4,4,4,4,4,4,4,4,False,False,False,False
362,100,2,2,1,1,3,3,3,4,3,3,3,3,3,3,3,3,3,3,3,3,3,3,3,3,False,False,False,False
363,59,1,2,1,2,4,4,4,4,4,4,4,4,4,4,4,4,4,4,4,4,4,4,4,4,True,False,False,False
364,214,2,2,2,1,5,4,3,4,3,2,4,4,3,3,2,2,3,3,2,2,4,5,5,5,False,False,False,False
365,65,2,2,3,1,4,4,5,5,5,5,5,5,4,4,4,4,4,5,5,4,5,4,5,4,False,False,False,False
366,64,2,3,3,1,3,3,4,5,3,4,4,4,5,5,5,5,5,4,5,5,5,5,4,4,False,False,False,False
367,85,2,3,3,1,4,4,4,4,3,4,4,4,4,4,4,4,4,4,4,4,4,4,4,4,False,False,False,False
368,44,2,2,3,1,4,4,4,4,4,4,4,4,4,4,4,4,4,4,4,4,4,4,4,4,True,True,True,False
